CHROM	POS	FST	XPNSL	BASES	COVERED_BASES	at_THETA	at_PI	at_TD	me_THETA	me_PI	me_TD
seq_c_23164	1	0.4634	0.987256754545454	1000	963	0.0144243160751991	0.0100064174478134	-0.96902099126057	0.00816334845580722	0.00900345760158845	0.436909837939498
seq_c_23164	1001	0.2286	-0.0887880555555556	1000	327	0.0100608037521126	0.00350355554777695	-1.79269346811812	0.00384650987789228	0.00319252612830594	-0.560069251446221
seq_c_23164	2001	0.2719	-0.837933756043956	1000	965	0.016667224454277	0.0106030678738451	-1.15906929256493	0.0114050014384656	0.0142344701930194	1.07272689897488
seq_c_23164	3001	0.2629	-0.338302921428571	1000	932	0.0162768404051077	0.00851024171793243	-1.5160640944773	0.00877227118611593	0.0093147196151488	0.263163053159881
seq_c_23164	4001	0.2792	0.0870151771084338	1000	973	0.0152152854277838	0.0101693081624927	-1.05250963154733	0.0084026276931758	0.0108196017754086	1.2241520997968
seq_c_23164	5001	0.3161	-0.34260265375	1000	989	0.0145995249594609	0.010304801588657	-0.932475783966654	0.0108102873666346	0.0151335014833498	1.72684815091148
seq_c_23164	6001	0.2927	-0.366002311571429	1000	1000	0.0126112175032731	0.00722298283021015	-1.3449446199889	0.00723240019790697	0.0107032967032967	2.02637236891156
seq_c_23164	7001	0.2956	-1.1863980625	1000	930	0.0123812794562288	0.00551161244468891	-1.73754363966134	0.00642429190089913	0.00932293512938674	1.87857141399679
seq_c_23164	8001	0.2291	0.222920302702703	1000	815	0.0163709234060449	0.00830599527846276	-1.55541766961161	0.00733078707709962	0.00881817568934134	0.844757501522163
seq_c_23164	9001	0.1265	0.811329	1000	115	0.00953589225200234	0.00475035739901373	-1.07787686152354	0.00273436680450169	0.00382226469182991	0.842275108853898
seq_c_23164	10001	0.0979	1.11053675	1000	164	0.00445783580886288	0.00280278417193329	-0.701363537808197	0	0	
seq_c_23164	11001	0.3542	0.726783445652174	1000	400	0.0210186958387885	0.0136943104028732	-1.06812713011842	0.0125780873007078	0.0206593406593407	2.63590873346582
seq_c_23164	12001	0.2814	-0.230818396902655	1000	991	0.0204718574834864	0.0101543450022257	-1.62034255778508	0.00920193066903444	0.0115656291236513	1.10012394358149
seq_c_23164	13001	0.2283	0.115133930785714	1000	826	0.0216847267312483	0.0106100330874891	-1.63430923005411	0.00799454701316172	0.0105632865923423	1.34804580333793
seq_c_23164	14001	0.2374	-0.329723307843137	1000	788	0.0115971616854935	0.00650738521430412	-1.35370088459245	0.00638481588868415	0.00765604953422213	0.816851763964318
seq_c_23164	15001			1000	210						
seq_c_23164	16001	0.3108	-0.260699376470588	1000	753	0.0162625165563696	0.00624710971696961	-1.93547794876886	0.00459359097967415	0.00566233235555944	0.917003659426086
seq_c_23164	17001	0.2135	1.02472333846154	1000	815	0.0145768496081222	0.00701855361781447	-1.62674337832652	0.00385830898794717	0.00533944583024338	1.49471566847737
seq_c_23164	18001	0.2727	0.811580333835616	1000	880	0.0151617074726439	0.00847229165178907	-1.39302779899597	0.00821863658853065	0.00872877122877123	0.262086757489483
seq_c_23164	19001	0.2959	-0.400287226486486	1000	999	0.0126238413446177	0.00753946629830384	-1.2678298322515	0.00755440678721187	0.00788700788700789	0.186428198414057
seq_c_23164	20001	0.1683	-1.2606	1000	891	0.00882061114593183	0.0051081268677501	-1.28315881446827	0.00741133090109044	0.00826334159667493	0.482311119695059
seq_c_23164	21001	0.2163	0.614853054	1000	723	0.0126397834137883	0.00552458746420168	-1.73629273326271	0.0047841964145154	0.00504612952745733	0.215790425299191
seq_c_23164	22001	0.1817	-0.174140180263158	1000	896	0.0152989342770685	0.00677345515975373	-1.76189557428124	0.00596616864151875	0.00654925431711146	0.403146116995158
seq_c_23164	23001	0.2655	-0.84016182	1000	288	0.00634622458900619	0.00196932006633508	-1.69268611427323	0.00218369571192843	0.00335775335775336	1.45890647855123
seq_c_23164	24001	0.1103	-0.79985582	1000	540	0.00676930622827327	0.00391754676907862	-1.17773540900535	0.00524086970862824	0.00555555555555556	0.230429746165604
seq_c_23164	25001	0.1682	-0.50224108125	1000	1000	0.0111490473579661	0.00779777802715756	-0.939496199855704	0.00880466111049544	0.0093956043956044	0.286884275135681
seq_c_23164	26001	0.1704	1.27613115625	1000	868	0.00673811126869597	0.00326552332409523	-1.52855448495617	0.00108681629902429	0.00143059705271687	0.968341566143727
seq_c_23164	27001	0.1946	0.676179877380952	1000	710	0.0105543971756317	0.00630033144665374	-1.22390885866784	0.00531468477494695	0.00616003714595263	0.63346161892331
seq_c_23164	28001	0.1506	0.301889211071428	1000	990	0.0145847779645524	0.00780762398987089	-1.47295209479466	0.00539968394222303	0.00506160506160506	-0.258270816426131
seq_c_23164	29001	0.3044	0.411203653488372	1000	997	0.0155823047080112	0.0100058901876767	-1.13829227342507	0.00914655295186874	0.0108016356762595	0.774980464563626
seq_c_23164	30001	0.1563	0.00236568045977011	1000	996	0.0155979495922562	0.0109054780450498	-0.956895619839422	0.00915573623796499	0.0119709607661415	1.31688626292674
seq_c_23164	31001	0.1930	0.283414922680412	1000	997	0.0175988382584597	0.0109899893823542	-1.20071158236717	0.010723544840122	0.0116393135450307	0.368750034140284
seq_c_23164	32001	0.2328	-0.494425817413793	1000	968	0.0103847311456465	0.00807885786997416	-0.689436859043107	0.00877087699171255	0.0102511125238398	0.719858077427121
seq_c_23164	33001	0.2722	-0.450402626138298	1000	1000	0.0168149566710308	0.00775154303669628	-1.720397609896	0.00723240019790697	0.010010989010989	1.62219057429487
seq_c_23164	34001	0.2287	-0.161765115111111	1000	999	0.0155511089027899	0.0079866647030827	-1.54719870076687	0.00598057203987607	0.00682000682000682	0.584389553195219
seq_c_23164	35001	0.1620	0.0427765999999999	1000	820	0.0180542350258947	0.0092608204165311	-1.54575034476065	0.00843652196998692	0.00903243098365049	0.297333964567859
seq_c_23164	36001	0.1992	1.12933310144928	1000	990	0.0123693686534811	0.00721103981119698	-1.31059611224115	0.00412917007346467	0.00547230547230547	1.30709494527332
seq_c_23164	37001	0.1765	0.398081247058823	1000	875	0.0208881449329575	0.0103017458358047	-1.62311996784515	0.00754685238042466	0.00796232339089482	0.230968792185836
seq_c_23164	38001	0.2286	0.924462854455445	1000	964	0.0187700783694756	0.0101108192541178	-1.47688158382241	0.00945966109233727	0.0116501755505905	0.99174278390887
seq_c_23164	39001	0.3037	-0.497760074647887	1000	973	0.0122097969482216	0.00558336215744535	-1.70266932670022	0.00743309372857859	0.00955467964717708	1.20517761159511
seq_c_23164	40001	0.2014	0.990810955319149	1000	958	0.00858528921435492	0.00466021096114265	-1.39894891814374	0.00393885823612978	0.00424419004794788	0.308717853847587
seq_c_23164	41001	0.1536	0.283463578432432	1000	998	0.013552178200491	0.0102884480665965	-0.76090445667171	0.00724689398587873	0.00895196987381356	0.993463338224455
seq_c_23164	42001	0.2475	0.814683171886792	1000	998	0.00952315224899365	0.00634317675863438	-1.03283745142045	0.00315082347212119	0.00396397189984364	1.00486139416455
seq_c_23164	43001	0.3308	-0.183013650714286	1000	184	0.0139065095341701	0.00928627538996795	-0.874714481577714	0.00854489626406778	0.00901815575728619	0.191756350514556
seq_c_23164	44001			1000	0						
seq_c_23164	45001	0.2585	-0.03707496728	1000	322	0.0124874779490507	0.00793701134267007	-1.03279466970229	0.00585935743821791	0.00774691147361954	1.15641371911214
seq_c_23164	46001			1000	251						
seq_c_23164	47001	0.2372	-0.537013613888889	1000	601	0.010339805520058	0.00469684405465658	-1.62873516579845	0.00523214945952902	0.00671042767548591	1.10011083639204
seq_c_23164	48001	0.0847	0.484370888888889	1000	931	0.00687110030689392	0.00404573644541467	-1.23067879022791	0.00236430212419319	0.00144002077407018	-1.4425240631252
seq_c_23164	49001	0.1860	-0.34199466828125	1000	907	0.0124937360817304	0.00713078752435688	-1.34295727095766	0.00693389597613438	0.00808122417824733	0.691680197690231
seq_c_23164	50001	0.1731	0.1891235075	1000	463	0.0146059112787149	0.00769185463255158	-1.4242953278875	0.00747078619372492	0.00500795101227067	-1.29933102701072
seq_c_23164	51001	0.0059	-0.191328	1000	567	0.00032234791563206	0.000555760403140045	0.784844901988645	0.000554589387156427	0.00046514332228618	-0.341438343255473
seq_c_23164	52001			1000	198						
seq_c_23164	53001	0.1740	-0.133585728571429	1000	506	0.0111974492353058	0.00668822962958668	-1.19038390601986	0.00621447001023111	0.00614602788515831	-0.0428824703378829
seq_c_23164	54001	0.2147	0.539649397142857	1000	1000	0.0166321854028674	0.0106695095948829	-1.14373020192876	0.00440233055524772	0.00607692307692308	1.54051998051784
seq_c_23164	55001	0.1772	0.674023571428572	1000	995	0.0187363511082056	0.0122283508215523	-1.1132622994327	0.0056885821963	0.00713457396874482	1.0536742994704
seq_c_23164	56001	0.3781	1.79094645277778	1000	418	0.0148665624821887	0.0101240389411728	-0.952038899809369	0.00601822358885539	0.00415374099584626	-1.16824350977824
seq_c_23164	57001	0.5519	1.9810255	1000	705	0.0145180014427648	0.00553511438169876	-1.92345265204959	0.00401428318107695	0.00282129218299431	-1.14049623094669
seq_c_23164	58001	0.6470	2.3227075	1000	358	0.00612641122335346	0.00459603941898421	-0.637941148375545	0.00175671610345081	0.000798084596967278	-1.48074498027722
seq_c_23164	59001	0.3193	2.32937133333333	1000	853	0.00942782625930673	0.00432859370171323	-1.6520430731907	0.00110592795727208	0.00124962962008683	0.39777557710998
seq_c_23164	60001	0.6767	1.36741470677966	1000	846	0.0123143762237737	0.00537811130981885	-1.75301940019051	0.00260185020995728	0.00284467305743902	0.344373009588634
seq_c_23164	61001	0.6000	0.377816702692308	1000	501	0.00875550985213788	0.00405182228965948	-1.54056180240234	0.00376589440140951	0.00309271566756596	-0.64169120101582
seq_c_23164	62001	0.0983	1.466551	1000	452	0.00849158546776757	0.00400643333336651	-1.48718734031147	0.000695690669286934	0.000972478848585044	0.842275108853902
seq_c_23164	63001	0.3355	2.48365290909091	1000	1000	0.00968687721265904	0.00622668611828092	-1.10631768554056	0.00283006964265925	0.00241758241758242	-0.559342827605608
seq_c_23164	64001	0.4495	1.40122052823529	1000	1000	0.014987243989397	0.00886410054988227	-1.29737159685679	0.00597459146783619	0.00569230769230769	-0.196714291785615
seq_c_23164	65001	0.2949	3.23356758064516	1000	1000	0.0111490473579661	0.00678711704634743	-1.22282530804901	0.00157226091258847	0.00115384615384615	-0.921381723423988
seq_c_23164	66001	0.5310	2.60906652173913	1000	503	0.00835733432953817	0.00354912384072846	-1.64054781000595	0	0	
seq_c_23164	67001	0.3308	1.28552903409091	1000	996	0.0155979495922562	0.00772149308715061	-1.60617846134373	0.00442001059763827	0.00513041175691778	0.650910366088582
seq_c_23164	68001	0.1814	0.923124639682539	1000	784	0.0137544704357644	0.00583033123472705	-1.79695032575891	0.00360978270747353	0.00326586678627495	-0.365625026491915
seq_c_23164	69001	0.4743	1.76656870588235	1000	661	0.0135488534644562	0.0073403641422293	-1.41129597162145	0.0023786095500582	0.00237735033499027	-0.00183287973562552
seq_c_23164	70001	0.4385	1.45185376941176	1000	903	0.0172043829389669	0.00716312027651826	-1.8564346172468	0.00487522763593324	0.00494079563847005	0.054467556414416
seq_c_23164	71001	0.4882	1.53419810106383	1000	933	0.0180224615981037	0.0109808042205625	-1.24707784429421	0.00438143448309756	0.00531194421869663	0.853404071381813
seq_c_23164	72001	0.5811	2.10913881443299	1000	993	0.0174856701666877	0.0102282581142851	-1.32651186808577	0.00316668864569682	0.00298794860728395	-0.219774291617509
seq_c_23164	73001	0.3969	-0.144114877777778	1000	394	0.00834995641355535	0.0059240646506025	-0.79910583573859	0.00638481588868415	0.0072237407262788	0.495470767475224
seq_c_23164	74001	0.4265	0.3037379625	1000	892	0.0161871414629001	0.00985895399096104	-1.23922528465586	0.00705049736586758	0.00799536786083871	0.560205706406519
seq_c_23164	75001	0.6259	1.67063165694444	1000	1000	0.0129767600395998	0.00616619907978909	-1.6546316152675	0.00314452182517694	0.00287912087912088	-0.328630797020355
seq_c_23164	76001	0.4078	2.24915904225352	1000	895	0.0136823183988227	0.00978214735538066	-0.895841845391615	0.00351343220690161	0.00340106820553748	-0.124524849390018
seq_c_23164	77001	0.4341	1.8561112962963	1000	943	0.0102724042552058	0.00509432680163574	-1.56120526086354	0.00233421556481852	0.00156153496556466	-1.22146463144927
seq_c_23164	78001	0.4067	0.885974492063492	1000	802	0.0141294496585155	0.00819422099000009	-1.31420495652169	0.00666544526533766	0.00534378339864623	-0.817931298551843
seq_c_23164	79001	0.1806	1.90327216393443	1000	626	0.0175180129230075	0.0119140538868033	-0.998832728451421	0.00703247692531585	0.00637222202717411	-0.380228050636239
seq_c_23164	80001	0.0198	1.19864491666667	1000	414	0.00529771791777908	0.00212081143806951	-1.53145910831615	0.00303818533833521	0.00167224080267559	-1.4810183059478
seq_c_23164	81001	0.2639	-1.10618138115942	1000	859	0.0136174169528012	0.0052986792559565	-1.91483220649057	0.00695528692413992	0.00795711855083216	0.599705314861503
seq_c_23164	82001	0.2558	0.908182285964912	1000	820	0.0120361566839298	0.00805184603299305	-1.02655853310031	0.00728608715589779	0.00628517823639775	-0.571950452609738
seq_c_23164	83001	0.0211	-0.116853666666667	1000	229	0.00239438342572111	0.00320147955105789	0.57500233005309	0.00274630727089689	0.00345506022361918	0.700286747240663
seq_c_23164	84001	0.4628	1.64202504878049	1000	678	0.0107829656733556	0.00517010396814937	-1.57723700693851	0.00371035023619698	0.00333884404680865	-0.37756741761818
seq_c_23164	85001	0.2278	1.86064721311475	1000	684	0.0160325673827525	0.00941884037141846	-1.28802960648126	0.00459725413037565	0.0042253068568858	-0.315023733845003
seq_c_23164	86001	0.1547	1.33491334	1000	911	0.0170533016398322	0.00918067569270564	-1.46839052827802	0.00517758807658113	0.00599510259224859	0.643859176232891
seq_c_23164	87001	0.3499	1.43830545633803	1000	996	0.0124783596738049	0.00824316230244744	-1.06753523688834	0.00505144068301517	0.00484355002427291	-0.168844130839459
seq_c_23164	88001	0.3028	1.18906036781609	1000	907	0.0171285091443078	0.00912576987895821	-1.48610513498049	0.00520042198210079	0.00506439536208003	-0.106661634329202
seq_c_23164	89001	0.5061	-0.603777	1000	420	0.0069627149776525	0.0029407206716148	-1.5579866486634	0.00299478269064471	0.00340136054421768	0.447218776914893
seq_c_23164	90001	0.3491	1.29354987590361	1000	998	0.0148341410032401	0.0113426268989553	-0.746985705399572	0.00630164694424237	0.00746548041137219	0.772025720141385
seq_c_23164	91001	0.1949	0.7672410859375	1000	904	0.0119286557761497	0.00540745603276458	-1.70515493508272	0.00347845334643467	0.00346445589808422	-0.0156683439871635
seq_c_23164	92001	0.5364	1.57033235789474	1000	1000	0.0162666428665407	0.00965940971832575	-1.29460803566745	0.00754685238042466	0.00603296703296703	-0.849406185176768
seq_c_23164	93001	0.2910	2.74631691044776	1000	1000	0.0122456749669463	0.00949612838065321	-0.705644138407674	0.00345897400769464	0.003	-0.522987803513076
seq_c_23164	94001	0.3507	1.69761123076923	1000	998	0.0111713901382426	0.0066193435012769	-1.27357035041152	0.00441115286096966	0.00401902706511925	-0.360009650308305
seq_c_23164	95001	0.4715	1.72436443636364	1000	826	0.014382726913583	0.00889696685789496	-1.19661487922592	0.0030455417192997	0.0036585690338717	0.759029464861914
seq_c_23164	96001	0.5499	2.11311327419355	1000	917	0.0119588616028383	0.0067864855746029	-1.35046366897949	0.00274331238837683	0.00242069816769926	-0.443457091964855
seq_c_23164	97001	0.4454	0.81285037076923	1000	948	0.0111822083897425	0.00822526749520689	-0.823897954567788	0.00696571290387297	0.00670005100384846	-0.160008161717402
seq_c_23164	98001	0.2105	0.693427386111111	1000	1000	0.00657976565388161	0.00558702726966685	-0.452792762760732	0.00377342619021233	0.00515384615384615	1.45691902322249
seq_c_23164	99001	0.5537	0.588011106666667	1000	1000	0.00219325521796054	0.00059881045898331	-1.85656479482273	0.00157226091258847	0.00113186813186813	-0.969779030986536
seq_c_23164	100001	0.0455	0.708740571428571	1000	715	0.00178936905894216	0.000301819154922059	-1.86523693450271	0.000439793262262509	0.0001998001998002	-1.15524134158067
seq_c_23164	101001	0.6225	1.13676377419355	1000	639	0.00886683773562555	0.00390928972631314	-1.65273387995175	0.000984200884249434	0.00151335362602968	1.45890647855123
seq_c_23164	102001	0.5326	0.650391755128206	1000	997	0.0139324136212806	0.00563670587567905	-1.88382151843697	0.00315398377650646	0.00376955040947017	0.759934257008139
seq_c_23164	103001	0.2859	1.00654079876543	1000	993	0.0147247748772107	0.0145553720618451	-0.0364901833557745	0.00855005934338141	0.0110000774653343	1.22224774618184
seq_c_23164	104001	0.4553	-0.0701531126760563	1000	999	0.0128067955670035	0.00892767978392492	-0.954215799631485	0.00912824153454768	0.0105930105930106	0.687243335304837
seq_c_23164	105001	0.4747	1.25532364285714	1000	996	0.0126618649631256	0.00722900579988015	-1.35065890139048	0.00505144068301517	0.00410432940553422	-0.769222539492664
seq_c_23164	106001	0.3908	0.116509129714286	1000	999	0.0124408871222319	0.00670269641204451	-1.4507403567223	0.00472150424200742	0.00565400565400566	0.805363654455114
seq_c_23164	107001	0.2321	1.2715989097561	1000	975	0.00768576614840872	0.00643572191097731	-0.493874418972647	0.00419269576690259	0.00348267117497887	-0.680503168918022
seq_c_23164	108001	0.1390	0.398349527777778	1000	502	0.012743016704618	0.0067824314905116	-1.39995239331543	0.00689038646951123	0.00626067159931701	-0.360206159876483
seq_c_23164	109001	0.3867	-0.384325877777778	1000	352	0.00882702147379951	0.00569648340661689	-0.966434984085506	0.00625331044779506	0.00774225774225774	0.878599969472148
seq_c_23164	110001	0.0413	-0.533873814285714	1000	350	0.00365542536326756	0.00427240809913887	0.378701893692331	0.00449217403596706	0.00508634222919937	0.457941542108555
seq_c_23164	111001	0.2469	-0.4039387	1000	121	0.00604202539383068	0.0040668465291757	-0.617560610895973	0.00779633510374449	0.0093542820815548	0.611737822997634
seq_c_23164	112001	0.0387	0.724719	1000	286	0.00255624151277452	0.00353495679497249	0.723286219701313	0.00109948315565627	0.00184430953661723	1.43413183490859
seq_c_23164	113001	0.0954	1.15571582	1000	375	0.00731085072653513	0.0041336176261551	-1.15885255821445	0.00419269576690259	0.00366300366300366	-0.437408647798538
seq_c_23164	114001	0.3533	0.655052388405797	1000	909	0.013873726626263	0.00717645549764265	-1.51956633693601	0.00588084389747063	0.00683035336500683	0.666016949508748
seq_c_23164	115001	0.1338	1.07282674705882	1000	742	0.0125624456554343	0.00778664487182475	-1.17426300135339	0.00466169003732431	0.00488729599241729	0.190747095508944
seq_c_23164	116001	0.1226	-0.383217	1000	114	0.00160325673827525	0.00205541347477101	0.30568248322046	0.00275835247822539	0.00433776749566223	1.21218556263808
seq_c_23164	117001	0.0335	1.2654675	1000	206	0.00177447833168328	0.00147412437774631	-0.246753688083449	0.0015264669054257	0.00128027312493332	-0.341438343255475
seq_c_23164	118001	0.0021	1.86232	1000	366	0.000998750099253433	0.000925362096211851	-0.107119672041016	0.00085915896862758	0.000720590884525311	-0.341438343255474
seq_c_23164	119001			1000	1						
seq_c_23164	120001	0.3186	1.71501989655172	1000	1000	0.0102351910171492	0.00614319380540926	-1.24283012840757	0.00220116527762386	0.00165934065934066	-0.908297103241682
seq_c_23164	121001	0.5508	2.1216160617284	1000	994	0.0147099612203926	0.00623040227675114	-1.82837730196427	0.00316350284223032	0.00298494262276958	-0.21977429161751
seq_c_23164	122001	0.6022	3.13170160714286	1000	804	0.012503009638042	0.00664880624372283	-1.45380969528963	0.00117332903924513	0.000956754688097972	-0.565054529384472
seq_c_23164	123001	0.4898	2.41457020481928	1000	953	0.0159181692104516	0.00799123146545472	-1.58222824491612	0.0029696428569352	0.00252528164385457	-0.574244196922047
seq_c_23164	124001	0.1630	2.12882626	1000	966	0.00946021056746264	0.00555226018137018	-1.27415995971278	0.00130207943071509	0.00160398607603576	0.763795014399812
seq_c_23164	125001	0.3057	1.21198249811321	1000	717	0.0135102889995245	0.00562387671545698	-1.8079166481424	0.00350853202251263	0.0035710454120496	0.067187884221859
seq_c_23164	126001	0.3733	0.973768344736842	1000	485	0.0131896791458108	0.00581604804440682	-1.67318435065636	0.0051868401240032	0.00444091990483743	-0.54229160348486
seq_c_23164	127001	0.2515	2.03422761016949	1000	880	0.0120462881289499	0.0105268258842494	-0.393002243083158	0.00500264835823604	0.00467032967032967	-0.269026848832584
seq_c_23164	128001	0.3927	1.16370585058824	1000	1000	0.0153527865257238	0.0114754797441364	-0.80285896354245	0.00660349583287158	0.00847252747252747	1.18746598298482
seq_c_23164	129001	0.4488	2.37652976470588	1000	913	0.0134125684194374	0.010045425476198	-0.788963636636705	0.00447741333267254	0.00409229324891976	-0.345636095331436
seq_c_23164	130001	0.3217	1.85994608108108	1000	999	0.0133556582341608	0.00757451425165502	-1.36668425825178	0.00346243644413878	0.00326700326700327	-0.222467846030119
seq_c_23164	131001	0.3448	2.76448878787879	1000	993	0.0121479392736989	0.007598018358337	-1.17608764798836	0.00221668205198777	0.0022464946936246	0.0496271006873802
seq_c_23164	132001	0.3351	2.31555823636364	1000	997	0.0100826677522425	0.00631858542747541	-1.15914556138201	0.00252318702120517	0.00255712191519614	0.0507154656351923
seq_c_23164	133001	0.4913	2.49061644067797	1000	919	0.0117339551922082	0.00551799325185138	-1.65231091244453	0.0013686710882163	0.00131533319781416	-0.128374382148598
seq_c_23164	134001	0.3814	1.4232751025641	1000	1000	0.0131595313077632	0.00762103018740899	-1.32787810305475	0.00408787837273003	0.00365934065934066	-0.421251240980019
seq_c_23164	135001	0.3232	1.31978361346154	1000	999	0.0186613306833479	0.0114484364287977	-1.23880203828161	0.00944300848401484	0.00926200926200926	-0.0822424047210866
seq_c_23164	136001	0.1667	2.77814948275862	1000	978	0.0106523131751662	0.00565739961110537	-1.45934347191385	0.00128610299598239	0.00134834490662712	0.159422197383152
seq_c_23164	137001	0.5082	1.93315980263158	1000	1000	0.0127939887714365	0.008634496689485	-1.02420920418524	0.00314452182517694	0.00398901098901099	1.04568258369062
seq_c_23164	138001	0.4038	0.475077794054054	1000	1000	0.0127939887714365	0.00718897991246789	-1.38014487100601	0.00817575674546005	0.00665934065934066	-0.789348759823416
seq_c_23164	139001	0.6601	1.64661922727273	1000	447	0.00899545391408125	0.00619198000008601	-0.883295925348337	0.00633125199700056	0.00545762961870344	-0.529540088972735
seq_c_23164	140001			1000	0						
seq_c_23164	141001			1000	0						
seq_c_23164	142001	0.3903	1.38689998485	1000	327	0.0100608037521126	0.00700711109555398	-0.834852472937238	0.00576976481683843	0.00473838088516987	-0.641691201015822
seq_c_23164	143001	0.4293	0.93016160375	1000	1000	0.01352507384409	0.00884120749635305	-1.09418268850904	0.00691794801538927	0.00606593406593406	-0.518438708353252
seq_c_23164	144001	0.3909	1.81289623214286	1000	999	0.0102454364536028	0.00622561738037003	-1.21968712207015	0.00377720339360594	0.00337700337700338	-0.421955617572809
seq_c_23164	145001	0.2142	0.1664771525	1000	666	0.0104283906759885	0.00587963117421098	-1.31564440232424	0.00661010593881039	0.00678150678150678	0.105013557234263
seq_c_23164	146001	0.2695	1.11969755108696	1000	981	0.0167680062535209	0.0120275356335518	-0.901501374046565	0.00801356224560893	0.00831176977965969	0.157985577833434
seq_c_23164	147001	0.4978	1.67909278481013	1000	1000	0.0144389301849069	0.00761912243294814	-1.49719444550372	0.00440233055524772	0.00375824175824176	-0.592521254079586
seq_c_23164	148001	0.1973	0.731962107843138	1000	662	0.0135283869184374	0.00709398513192368	-1.46486252780919	0.00332502307798166	0.00411672919225789	0.878599969472147
seq_c_23164	149001	0.3579	1.05059676226415	1000	803	0.0120633589198743	0.00552453604783892	-1.67878426262515	0.00391596740370728	0.00336649651718145	-0.54634380782606
seq_c_23164	150001	0.4927	1.178227	1000	597	0.00734758866988455	0.00374614628523606	-1.40557406669837	0.00526720573731481	0.00414158705615992	-0.832092134508541
seq_c_23164	151001	0.3653	0.692543	1000	892	0.00983522519264815	0.00486789391657295	-1.55313003003145	0.00705049736586758	0.00604888385157444	-0.593848161528269
seq_c_23164	152001	0.0131	1.05948333333333	1000	219	0.00250371600223806	0.000337687399853136	-1.47576484942283	0	0	
seq_c_23164	153001	0.5408	1.15655449230769	1000	852	0.0139438174068305	0.00493073655338681	-2.02791807119724	0.00258352732115477	0.00243770314192849	-0.208275569601215
seq_c_23164	154001	0.4507	1.55494386808511	1000	998	0.0168486539789888	0.00850607060827972	-1.58040402305826	0.00630164694424237	0.0059129247506001	-0.257857794914344
seq_c_23164	155001	0.6079	2.746185	1000	998	0.0199619922142367	0.00666904451929319	-2.13955872025949	0.00441115286096966	0.00345746437930807	-0.875578858670717
seq_c_23164	156001	0.2975	2.32768489552239	1000	864	0.0141732349154471	0.00944122848580854	-1.04926146760577	0.00473134070917827	0.00413359788359788	-0.507668550292688
seq_c_23164	157001	0.1014	1.58755	1000	22	0.00830778491651719	0.0085695922302363	0.0341571125851096	0	0	
seq_c_23164	158001			1000	0						
seq_c_23164	159001	0.4265	2.08992837777778	1000	604	0.0133144632436898	0.00572437815899864	-1.74120978524238	0.00364431337354944	0.0032566770977367	-0.392491762664494
seq_c_23164	160001	0.2692	1.10324073770492	1000	705	0.0155550015458194	0.00969492642371227	-1.1762937228806	0.008474597826718	0.00916530278232406	0.339337366534565
seq_c_23164	161001	0.4145	0.542924511627907	1000	919	0.0083529850520804	0.00441568898778879	-1.4342395461891	0.00239517440437852	0.00211649069102823	-0.429335001277153
seq_c_23164	162001	0.4539	0.610886864044944	1000	998	0.0157498287194895	0.00612053418924028	-1.94570945826399	0.0050413175553939	0.00420621462705631	-0.679613821783227
seq_c_23164	163001	0.2383	0.662571992105263	1000	1000	0.012062903698783	0.00420424194815402	-2.04566817460557	0.00503123492028311	0.00440659340659341	-0.509357258135305
seq_c_23164	164001	0.3686	0.455376774647888	1000	996	0.0130288755417669	0.00741998405472426	-1.3572342482341	0.00599858581108051	0.00719360960324816	0.82944173985587
seq_c_23164	165001	0.1310	-0.153217451914894	1000	704	0.0119424408174935	0.00553771640770835	-1.64386016201183	0.00535998038382433	0.00560377122877123	0.181139946139263
seq_c_23164	166001	0.2947	-1.5024674969697	1000	679	0.0080753137627413	0.00549468983826179	-0.941287613345541	0.00879910378179115	0.0115069025231028	1.28125670901145
seq_c_23164	167001	0.3318	0.803083919354839	1000	914	0.0121980824485406	0.008444189280478	-0.961864287344613	0.00825695008799197	0.00816360882006396	-0.0478676740648202
seq_c_23164	168001	0.3762	1.16082614814815	1000	615	0.007726915402029	0.00407516789790298	-1.36904647718258	0.00409043489453911	0.003537925489145	-0.509346766311527
seq_c_23164	169001	0.2396	0.561075784615385	1000	467	0.00939295596556976	0.00284853525356739	-1.99797948289957	0.00269338057831001	0.00230604513259759	-0.473730277586693
seq_c_23164	170001	0.1038	0.659281882352941	1000	366	0.00848937584365418	0.00355887271396007	-1.58264428635591	0.00257747690588274	0.00177145259112472	-0.957318646845174
seq_c_23164	171001	0.4992	0.922003970370371	1000	928	0.0102414934746721	0.00458364129572524	-1.70874491907666	0.00474389068453418	0.00436955286093217	-0.319572849652432
seq_c_23164	172001	0.0564	0.104843615789474	1000	459	0.00756569519630541	0.00755351455411554	-0.00446608092763597	0.00479556705364675	0.00591347650171179	0.860178350165818
seq_c_23164	173001	0.4087	-0.211033743902439	1000	641	0.0114053833487287	0.00423883188073567	-1.90393087425092	0.00588678032794435	0.00524592412267919	-0.433553609182654
seq_c_23164	174001	0.3475	0.990762936857143	1000	999	0.0126238413446177	0.00770605640990572	-1.22628924735698	0.00692487288827755	0.00674300674300675	-0.110552371892691
seq_c_23164	175001	0.2372	1.78450919818182	1000	952	0.0103672778159899	0.00846300814119843	-0.569615859154937	0.00594552445936817	0.00663727029273247	0.482281924029909
seq_c_23164	176001	0.4710	1.80526053521127	1000	958	0.013354894333441	0.00604270624212702	-1.72488933022932	0.00393885823612978	0.00376241712358622	-0.178397793766013
seq_c_23164	177001	0.5379	2.18774731958763	1000	951	0.0180657194609438	0.00796107222715651	-1.78685173364497	0.00562112208496404	0.00458742099120649	-0.75857336862941
seq_c_23164	178001	0.3129	1.78928482432432	1000	817	0.0165545579487026	0.00879113694281558	-1.48170088429458	0.00461863670772623	0.00414273608888052	-0.41035762596296
seq_c_23164	179001	0.1309	1.02025776493507	1000	769	0.0183008942114176	0.00878576893683026	-1.64603030521209	0.00613365765639196	0.00608754054787865	-0.0306595269305061
seq_c_23164	180001	0.2577	1.31343412380952	1000	953	0.0201374429770773	0.00747240138371956	-2.01796420518167	0.0065992063487449	0.00511974908617091	-0.937142666546848
seq_c_23164	181001	0.2332	0.870469608695652	1000	963	0.0127161733820834	0.00729552061676504	-1.33968449565325	0.00391840725878747	0.00540892129677177	1.51490898127173
seq_c_23164	182001	0.1143	2.15513142857143	1000	565	0.0109986249868228	0.00696305550562436	-1.09502035836866	0.00166965760628864	0.00143926869590586	-0.422413032126037
seq_c_23164	183001	0.4691	1.93530968253968	1000	912	0.0124252397216332	0.00508242326161052	-1.84888026926035	0.00310314653800356	0.0021568343936765	-1.17029896957956
seq_c_23164	184001	0.3552	1.64804031944444	1000	643	0.0204658340711714	0.0141567562973257	-0.972619148482605	0.0107588616102477	0.0115700784441064	0.317393948328216
seq_c_23164	185001	0.3199	1.99232483516484	1000	999	0.0164658800147188	0.00736973085755508	-1.76156627741902	0.00566580509040891	0.00486200486200487	-0.588072807429025
seq_c_23164	186001	0.5408	1.04494258461539	1000	994	0.011951843491569	0.00455487949580558	-1.94167899634653	0.00506160454756852	0.00467641010900568	-0.312218079174553
seq_c_23164	187001	0.0974	0.961560172413793	1000	421	0.0125899448378574	0.00942388587486037	-0.737920946246438	0.00821609027955971	0.00741301453890527	-0.385249489666725
seq_c_23164	188001	0.2389	0.655546395277778	1000	554	0.0118768333102556	0.00883364454025349	-0.768959239882054	0.0079464450455735	0.00837069068115999	0.21621475903792
seq_c_23164	189001	0.4401	1.8158962	1000	973	0.0122097969482216	0.00683774445086366	-1.38035448887337	0.00258542390559255	0.00309454163513773	0.74255704627525
seq_c_23164	190001	0.4363	0.5039731	1000	967	0.0113405130194444	0.00546783619283782	-1.61691077602727	0.00552811489431314	0.00563655579167472	0.0809173545591466
seq_c_23164	191001	0.1121	0.537882608045977	1000	902	0.017223456534243	0.0141801371084992	-0.562027616226659	0.0101098816995711	0.00888136253989912	-0.520432443904392
seq_c_23164	192001	0.2740	0.454860636363636	1000	493	0.00815612150019132	0.0029705519285484	-1.80196175440887	0.00255133616647216	0.00329893230501749	0.965252620072034
seq_c_23164	193001	0.2382	0.888138	1000	999	0.0139045209013181	0.00855057728584839	-1.21823320528597	0.00535103814094174	0.00569800569800571	0.267470848601055
seq_c_23164	194001	0.0694	0.825334666666667	1000	137	0.00800458108744722	0.0036647889469835	-1.16447540816005	0	0	
seq_c_23164	195001			1000	0						
seq_c_23164	196001	0.0266	0.926258	1000	164	0.00111445895221572	0.000355822209327468	-0.73782678431922	0	0	
seq_c_23164	197001	0.0289	0.462064833333333	1000	255	0.0043005004273736	0.00497688470517803	0.337811562043406	0.00493258325517952	0.00577461753932343	0.562337408727597
seq_c_23164	198001	0.0227	-0.298963933333333	1000	81	0.00676930622827326	0.0115781438117124	1.21180848180027	0.011646377130285	0.0160086826753493	1.14664343771678
seq_c_23164	199001			1000	0						
seq_c_23164	200001			1000	0						
seq_c_23164	201001			1000	0						
seq_c_23164	202001			1000	0						
seq_c_23164	203001			1000	0						
seq_c_23164	204001			1000	0						
seq_c_23164	205001			1000	0						
seq_c_23164	206001			1000	0						
seq_c_23164	207001			1000	0						
seq_c_23164	208001			1000	0						
seq_c_23164	209001			1000	0						
seq_c_23164	210001			1000	0						
seq_c_23164	211001	0.0953	0.126779182285714	1000	601	0.0106439174471185	0.0079366842865221	-0.761238565288475	0.00732500924334063	0.00804519939295314	0.398180361989359
seq_c_23164	212001	0.0754	-0.589687407142857	1000	277	0.00923753701908771	0.00852108718911952	-0.20419733105601	0.00908165148065543	0.0118221129051454	1.13789509235527
seq_c_23164	213001	0.1051	-0.874186698113208	1000	565	0.0171449154206355	0.0108405341712489	-1.13886091245481	0.0155834709920273	0.0131868131868132	-0.657378384365185
seq_c_23164	214001			1000	165						
seq_c_23164	215001	0.0605	-1.1416846875	1000	237	0.0115678017824923	0.0058506364153346	-1.31788324915333	0.0132680245788057	0.0102471368294153	-0.886520387209966
seq_c_23164	216001	0.0342	-0.325912873469388	1000	269	0.0332929075836637	0.01956147095253	-1.27027853912143	0.0292241805313842	0.0229176028432534	-0.916169551511187
seq_c_23164	217001			1000	0						
seq_c_23164	218001			1000	0						
seq_c_23164	219001			1000	0						
seq_c_23164	220001			1000	0						
seq_c_23164	221001	0.0485	-0.3517955	1000	18	0.0203079186848198	0.014015137345852	-0.451729262915167	0.0349391313908549	0.0280830280830281	-0.53247031613901
seq_c_23164	222001			1000	86						
seq_c_23164	223001			1000	54						
seq_c_23164	224001			1000	163						
seq_c_23164	225001			1000	71						
seq_c_23164	226001	0.0206	0.006112825	1000	332	0.0220206347184793	0.0289722462963741	0.956547419253757	0.0246257733296989	0.0315437574473719	1.19555123531356
seq_c_23164	227001			1000	0						
seq_c_23164	228001	0.1378	0.8908555	1000	167	0.00218887746303447	0.00208918936898957	-0.0663930840285165	0	0	
seq_c_23164	229001	0.0471	-0.0575025454545454	1000	387	0.0103900979317683	0.00851196601941118	-0.512317559729857	0.0113755311505109	0.0103927080671267	-0.349900450144337
seq_c_23164	230001			386	0						

