CHROM,START,fst,N_at_vs_me,FST_at_vs_me,ad,N,FST,at,me,DIFF,xp,N,N_CRIT,PROP_CRIT,MIN,MAX,MEAN,div,LENGTH,COVERED,COVERED_PROP,all_N,all_VARIABLE,all_THETA,all_PI,all_TD,div_com,LENGTH,COVERED,COVERED_PROP,at_N,at_VARIABLE,at_THETA,at_PI,at_TD,me_N,me_VARIABLE,me_THETA,me_PI,me_TD,div_region,intergenic_COVERED,intergenic_all_THETA,five_prime_utr_COVERED,five_prime_utr_all_THETA,cds_COVERED,cds_all_THETA,intron_COVERED,intron_all_THETA,three_prime_utr_COVERED,three_prime_utr_all_THETA
seq_s_18363,1,fst,3,0.0437,ad,,,,,,xp,3,0,0,0.354763,0.911694,0.544641666666667,div,1000,415,0.415,,3,0.00129758684087145,0.00100368379197987,-0.3801653372556,div_com,1000,415,0.415,,3,0.00132123808310876,0.00106920781543864,-0.325394087357267,,1,0.000757716102452275,0.000344234079173838,-1.15524134158067,div_region,415,0.00129758684087145,,,0,,0,,,
seq_s_18363,1001,fst,4,0.0026,ad,,,,,,xp,4,0,0,-0.710742,0.169607,-0.207329625,div,1000,286,0.286,,4,0.00251048269912192,0.00270932413789587,0.147319249298034,div_com,1000,286,0.286,,4,0.00255624151277452,0.00270978040027524,0.113467689263159,,3,0.00329844946696882,0.00288173365096442,-0.386752657811423,div_region,286,0.00188286202434144,,,0,,0,,,
seq_s_18363,2001,fst,24,0.0815,ad,5,0.01228,12.2,15.4,-3.2,xp,24,3,0.125,-2.45877,-0.479676,-1.34395220833333,div,1000,999,0.999,,24,0.00431230061230553,0.00519594792439088,0.581282027985762,div_com,1000,999,0.999,,23,0.00420794711487257,0.00496771038797756,0.514850595092583,,21,0.00661010593881039,0.00690800690800691,0.189078404267635,div_region,999,0.00395294222794673,,,0,,0,,,
seq_s_18363,3001,fst,19,0.0252,ad,,,,,,xp,19,0,0,-0.131439,0.567107,0.315901294736842,div,1000,616,0.616,,19,0.00553651095252781,0.00310005539597388,-1.20695165059771,div_com,1000,616,0.616,,18,0.00534071887490391,0.00314200164104767,-1.13236582348286,,11,0.00561521754495883,0.00274725274725275,-2.01306592603274,div_region,616,0.00378813907278219,,,0,,0,,,
seq_s_18363,4001,fst,20,0.0373,ad,5,0.00724,23.6,25.4,-1.8,xp,20,0,0,-0.321019,0.693262,0.132850635,div,1000,867,0.867,,20,0.00414070387513766,0.00270601086221433,-0.957809495842498,div_com,1000,867,0.867,,19,0.00400536804510287,0.00255105045576295,-1.00721473650936,,16,0.00580303912374061,0.00423336755516686,-1.10973566678851,div_region,867,0.00414070387513766,,,0,,0,,,
seq_s_18363,5001,fst,28,0.0869,ad,,,,,,xp,28,0,0,-1.13535,0.880781,-0.0837063035714285,div,1000,946,0.946,,28,0.005312881991165,0.00588275422162464,0.310206657082514,div_com,1000,946,0.946,,27,0.00521651611037126,0.00559728183542983,0.212415467331491,,21,0.00698043956963169,0.00800362428269405,0.614964014769368,div_region,946,0.00436415306417125,,,0,,0,,,
seq_s_18363,6001,fst,5,0.0508,ad,,,,,,xp,5,0,0,-0.248898,0.722133,0.3773394,div,1000,108,0.108,,5,0.00831016263829711,0.0123243992291615,0.967057958083244,div_com,1000,108,0.108,,5,0.00846163278534158,0.0127682390054747,1.03428677381193,,3,0.00873478284771373,0.00763125763125762,-0.386752657811427,div_region,108,0.00664813011063769,,,0,,0,,,
seq_s_18363,7001,fst,21,0.0362,ad,3,0,34,30.6666666666667,3.33333333333333,xp,27,0,0,-0.403753,1.32173,0.493350514814815,div,1000,371,0.371,,21,0.0101603497917293,0.0217201909539215,3.1680006151059,div_com,1000,371,0.371,,20,0.00985289855328184,0.0219722980864078,3.43871429730943,,20,0.0169516001357248,0.0192233642368413,0.560205706406519,div_region,371,0.00919269743061222,,,0,,0,,,
seq_s_18363,8001,fst,16,0.0135,ad,,,,,,xp,16,0,0,-0.0457028,0.882415,0.4312513375,div,1000,874,0.874,,16,0.00328603227436554,0.00527853543544951,1.61623836562444,div_com,1000,874,0.874,,16,0.00334592710596573,0.00534499950823102,1.61143557100452,,12,0.00431742127026583,0.00484069706037669,0.482687727995295,div_region,874,0.002669901222922,,,0,,0,,,
seq_s_18363,9001,fst,11,0.018,ad,,,,,,xp,11,0,0,0.104303,0.416096,0.242960272727273,div,1000,417,0.417,,11,0.0047349991435477,0.00426884085671333,-0.24368455447659,div_com,1000,417,0.417,,11,0.00482130443596441,0.00424716898011133,-0.298552937658924,,7,0.00527857380725146,0.00463804780351543,-0.447756620583476,div_region,417,0.00387409020835721,,,0,,0,,,
seq_s_18363,10001,fst,8,0.0314,ad,1,0.0034,97,92,5,xp,8,0,0,-0.0245255,0.591881,0.2954168375,div,1000,762,0.762,,8,0.00188450932270045,0.00250258293002946,0.752064363653972,div_com,1000,762,0.762,,8,0.00191885845840817,0.00248977126091759,0.691645337057452,,7,0.0028886683433384,0.00265351446453809,-0.300383666132855,div_region,762,0.00188450932270045,,,0,,0,,,
seq_s_18363,11001,fst,23,0.1188,ad,,,,,,xp,23,0,0,-0.00427285,1.12524,0.532902745652174,div,1000,797,0.797,,23,0.00518003613388457,0.00711749313649287,1.05493748489336,div_com,1000,797,0.797,,23,0.00527445315904354,0.00708512043043239,0.978891162900385,,14,0.00552362679453917,0.00625973775283688,0.539709164284925,div_region,797,0.00405394132217053,,,0,,0,,,
seq_s_18363,12001,fst,30,0.1071,ad,4,0.014075,41.25,35.5,5.75,xp,30,0,0,0.157304,1.30758,0.608555466666666,div,1000,999,0.999,,30,0.00539037576538191,0.00732769909089105,1.04769394889329,div_com,1000,999,0.999,,30,0.00548862667157292,0.00731749592707973,0.981467668518013,,22,0.00692487288827755,0.0064020064020064,-0.317838870749698,div_region,999,0.00503101738102311,,,0,,0,,,
seq_s_18363,13001,fst,15,0.2031,ad,,,,,,xp,15,0,0,-0.716938,0.281642,-0.2131543,div,1000,1000,1,,15,0.00269249269480826,0.00281522338665197,0.120102172759928,div_com,1000,1000,1,,14,0.00255879775428729,0.00267467175401194,0.119225871735489,,9,0.00283006964265925,0.00307692307692308,0.33473933138067,div_region,1000,0.00197449464285939,,,0,,0,,,
seq_s_18363,14001,fst,4,0.0188,ad,,,,,,xp,4,0,0,-0.323727,0.204922,0.013609655,div,1000,360,0.36,,4,0.00199443903319131,0.002751475965762,0.706002331398904,div_com,1000,360,0.36,,4,0.00203079186848198,0.0027581391289169,0.676600160072044,,3,0.00262043485431412,0.00277777777777778,0.183813331222324,div_region,360,0.000997219516595653,,,0,,0,,,
seq_s_18363,15001,fst,12,0.1099,ad,3,0.0940333333333333,21.3333333333333,23.6666666666667,-2.33333333333334,xp,12,0,0,0.101611,1.47815,0.869983,div,1000,502,0.502,,12,0.00429082501164663,0.00847739763505284,2.46067558786528,div_com,1000,502,0.502,,12,0.00436903429872617,0.00863340488343956,2.49263844862017,,11,0.00689038646951123,0.0058009719364301,-0.623161122674066,div_region,502,0.00393325626067608,,,0,,0,,,
seq_s_18363,16001,fst,20,0.1478,ad,2,0.10935,55.5,78.5,-23,xp,20,0,0,-0.0919223,1.02185,0.37337496,div,1000,1000,1,,20,0.00358999025974435,0.00435925721639999,0.592349649276756,div_com,1000,1000,1,,18,0.00328988282694081,0.00427886881382568,0.826850129241864,,13,0.00408787837273003,0.00412087912087912,0.0324396329114829,div_region,1000,0.00233349366883383,,,0,,0,,,
seq_s_18363,17001,fst,18,0.1112,ad,,,,,,xp,18,0,0,0.184927,1.72505,0.849121111111111,div,1000,995,0.995,,18,0.00324722737062303,0.00603273769102913,2.33246129246857,div_com,1000,995,0.995,,18,0.00330641490144805,0.00603116581673949,2.26666087584239,,12,0.00379238813086666,0.00515765641393782,1.43372304000279,div_region,995,0.00288642432944269,,,0,,0,,,
seq_s_18363,18001,fst,38,0.1039,ad,,,,,,xp,38,0,0,-1.11328,1.02862,-0.27674665,div,1000,1000,1,,38,0.00682098149351427,0.00562373598087893,-0.52417889361874,div_com,1000,1000,1,,38,0.00694530819020837,0.00547985635731136,-0.636418602758675,,24,0.00754685238042466,0.00621978021978022,-0.744589610646743,div_region,1000,0.00376948977273157,,,0,,0,,,
seq_s_18363,19001,fst,5,0.1004,ad,,,,,,xp,5,0,0,-1.53085,-0.962027,-1.2959354,div,1000,358,0.358,,5,0.00250697643836896,0.00328914594676797,0.62461108970206,div_com,1000,358,0.358,,5,0.00255267134306394,0.00310770255079862,0.441857755136991,,4,0.00351343220690161,0.00457363865185094,0.994032278025214,div_region,358,0.00250697643836896,,,0,,0,,,
seq_s_18363,20001,fst,5,0.0118,ad,,,,,,xp,5,0,0,-1.50649,-1.24123,-1.41202,div,1000,378,0.378,,5,0.0023743321823706,0.00287118994601967,0.418937910667798,div_com,1000,378,0.378,,4,0.00193408749379236,0.00280344310195052,0.849135597832588,,4,0.00332753632293856,0.00369207512064655,0.360879803055371,div_region,378,0.00189946574589648,,,0,,0,,,
seq_s_18363,21001,fst,4,0.005,ad,,,,,,xp,5,0,0,-1.25161,-0.353687,-0.7161938,div,1000,249,0.249,,4,0.00288352631304767,0.00330241724389785,0.270200950220495,div_com,1000,249,0.249,,4,0.00293608462913057,0.0032692773112429,0.214379172189018,,4,0.00505144068301517,0.00383953396001589,-0.790306515071615,div_region,249,0.00216264473478575,,,0,,0,,,
seq_s_18363,22001,fst,1,0.1741,ad,,,,,,xp,1,0,0,-0.948347,-0.948347,-0.948347,div,1000,263,0.263,,1,0.000682507653943793,0.000526754736423402,-0.242954674108479,div_com,1000,263,0.263,,1,0.000694947787693453,0.00037933207685806,-0.492256044700504,,1,0.00119563567497222,0.00167133246981156,0.842275108853901,div_region,263,0.000682507653943793,,,0,,0,,,
seq_s_18363,23001,fst,13,0.157,ad,,,,,,xp,13,0,0,-1.20715,0.388629,-0.0728250769230769,div,1000,602,0.602,,13,0.00387623533028875,0.00370112128536425,-0.115815161045757,div_com,1000,602,0.602,,13,0.00394688785070418,0.0037183875541486,-0.15026079366458,,5,0.00261172909067852,0.00266510897740133,0.0707630816081911,div_region,602,0.0029817194848375,,,0,,0,,,
seq_s_18363,24001,fst,10,0.1528,ad,,,,,,xp,10,0,0,-0.2862,1.8305,0.7168232,div,1000,708,0.708,,10,0.00253530385575166,0.00423040647011592,1.61964109832213,div_com,1000,708,0.708,,10,0.00258151508705336,0.00417452054117106,1.51449342121242,,8,0.00355313200584965,0.00375613087477494,0.215439651501864,div_region,708,0.00253530385575166,,,0,,0,,,
seq_s_18363,25001,fst,20,0.142,ad,3,0.0132666666666667,60,52,8,xp,20,0,0,-0.856695,0.711546,-0.2865814295,div,1000,999,0.999,,20,0.00359358384358794,0.00442453853007289,0.639210481007644,div_com,1000,999,0.999,,20,0.00365908444771528,0.00427731064023298,0.472339179732334,,13,0.0040919703430731,0.00482900482900483,0.723778107412812,div_region,999,0.00287486707487035,,,0,,0,,,
seq_s_18363,26001,fst,12,0.0975,ad,,,,,,xp,12,0,0,-0.968287,-0.0230496,-0.522295058333333,div,1000,999,0.999,,12,0.00215615030615276,0.00280975956651657,0.764496848105306,div_com,1000,999,0.999,,11,0.0020124964462434,0.00267937110042372,0.83076965703798,,9,0.00283290254520445,0.0036960036960037,1.16921601310119,div_region,999,0.00179679192179397,,,0,,0,,,
seq_s_18363,27001,fst,2,0.1783,ad,,,,,,xp,2,0,0,-0.109122,-0.0668236,-0.0879728,div,1000,298,0.298,,2,0.00120469471803502,0.00095599640182567,-0.295884324242183,div_com,1000,298,0.298,,2,0.00122665280646563,0.000844292440005133,-0.454414532454453,,1,0.00105520866616676,0.00165941441109226,1.21218556263808,div_region,298,0.00120469471803502,,,0,,0,,,
seq_s_18363,28001,fst,16,0.0759,ad,3,0,0.666666666666667,0,0.666666666666667,xp,16,0,0,-0.339589,1.54925,0.7782116875,div,1000,409,0.409,,16,0.00702198583813076,0.00543750177002019,-0.60145916178921,div_com,1000,409,0.409,,16,0.00714997626067005,0.00558525094255921,-0.590247841469215,,7,0.00538182219467936,0.00360031166877132,-1.22146463144926,div_region,409,0.00658311172324759,,,0,,0,,,
seq_s_18363,29001,fst,43,0.0874,ad,6,0.0597,74.3333333333333,64,10.3333333333333,xp,43,0,0,-0.615837,0.777832,0.164234914651163,div,1000,963,0.963,,43,0.00801503536703048,0.00947132522566439,0.548559999854223,div_com,1000,963,0.963,,42,0.00797133256787319,0.00943599059022932,0.559075718778651,,32,0.0104490860234332,0.00885511165884998,-0.656737523472868,div_region,963,0.00671026216774645,,,0,,0,,,
seq_s_18363,30001,fst,32,0.0418,ad,1,0,0,0,0,xp,32,0,0,-0.980724,0.473978,-0.0706326625,div,1000,842,0.842,,32,0.00682183422279212,0.00849292018277392,0.719136274642654,div_com,1000,842,0.842,,32,0.00694617646226615,0.00843015824739299,0.63364878588405,,21,0.00784263163048881,0.00901829761687244,0.62892747740877,div_region,842,0.00511637566709409,,,0,,0,,,
seq_s_18363,31001,fst,32,0.1708,ad,2,0.06825,20,28,-8,xp,32,2,0.0625,-2.30625,0.199786,-0.7446663265625,div,1000,654,0.654,,32,0.00878285078836538,0.0115398585254417,0.921543939358228,div_com,1000,654,0.654,,31,0.00866346989765248,0.0112430192282016,0.880150072466486,,21,0.0100970884294672,0.0110730248344927,0.405512075178346,div_region,654,0.00686160217841046,,,0,,0,,,
seq_s_18363,32001,fst,11,0.0318,ad,2,0.03815,13,10.5,2.5,xp,11,2,0.181818181818182,-2.07984,-0.895338,-1.550404,div,1000,839,0.839,,11,0.002353390515923,0.00317860610726277,0.867936444453032,div_com,1000,839,0.839,,11,0.00239628599499066,0.00317696024345621,0.816775572840835,,10,0.00374794019687359,0.0032220461302702,-0.546343807826059,div_region,839,0.00213944592356636,,,0,,0,,,
seq_s_18363,33001,fst,27,0.1359,ad,,,,,,xp,27,0,0,-1.07921,-0.362275,-0.783407851851852,div,1000,691,0.691,,27,0.00701372916158448,0.00797437917553771,0.394391964815017,div_com,1000,691,0.691,,26,0.00687706653002581,0.00752870360881799,0.274489774662135,,18,0.00819122906703111,0.0104483071197977,1.14219987876399,div_region,691,0.00519535493450702,,,0,,0,,,
seq_s_18363,34001,fst,22,0.0846,ad,1,0,61,71,-10,xp,22,0,0,-0.90123,-0.0501962,-0.415903281818182,div,1000,812,0.812,,22,0.00486328729768323,0.00708756408967517,1.28204320944822,div_com,1000,812,0.812,,22,0.00495193091083044,0.00685956859651501,1.09182769714464,,18,0.00697061488339716,0.00858008986087804,0.957100940241019,div_region,812,0.00442117027062112,,,0,,0,,,
seq_s_18363,35001,fst,14,0.036,ad,,,,,,xp,14,0,0,-0.257712,0.212342,-0.00653466428571429,div,1000,843,0.843,,14,0.00298101207807953,0.00156409587014558,-1.23631055420058,div_com,1000,843,0.843,,14,0.00303534727673463,0.00160756701335327,-1.23843568428881,,4,0.00149206255049914,0.00113409721950647,-0.790306515071613,div_region,843,0.00149050603903977,,,0,,0,,,
seq_s_18363,36001,fst,18,0.0762,ad,2,0.03285,18.5,3.5,15,xp,18,0,0,-0.0171266,0.728943,0.4305644,div,1000,634,0.634,,18,0.00509620068417968,0.00915908182695065,2.16775385910226,div_com,1000,634,0.634,,18,0.00518908963239875,0.00934566039846525,2.20323639619267,,13,0.00644775768569405,0.00665580476306028,0.129659105888229,div_region,634,0.00481307842394747,,,0,,0,,,
seq_s_18363,37001,fst,37,0.1237,ad,5,0.09906,7.6,14.2,-6.6,xp,43,1,0.0232558139534884,-0.589117,2.02732,0.196085738139535,div,1000,898,0.898,,37,0.00739585966651119,0.00683640096621351,-0.225338713149824,div_com,1000,898,0.898,,35,0.00712360176583322,0.00676099383185202,-0.152347133835005,,18,0.00630305042908519,0.0063511099145843,0.0316062476261451,div_region,898,0.00559686677465712,,,0,,0,,,
seq_s_18363,38001,fst,5,0.1023,ad,,,,,,xp,5,0,0,-0.688525,0.0125493,-0.38385394,div,1000,106,0.106,,5,0.00846695815977441,0.0103350366153603,0.441699349225126,div_com,1000,106,0.106,,5,0.00862128623412161,0.00973357076159787,0.262182568344304,,3,0.0088995900712555,0.0146174580136844,1.96683204695279,div_region,106,0.00508017489586465,,,0,,0,,,
seq_s_18363,39001,fst,,,ad,,,,,,xp,0,0,,,,,div,1000,0,0,,,,,,div_com,1000,0,0,,,,,,,,,,,div_region,0,,,,0,,0,,,
seq_s_18363,40001,fst,,,ad,,,,,,xp,0,0,,,,,div,1000,0,0,,,,,,div_com,1000,0,0,,,,,,,,,,,div_region,0,,,,0,,0,,,
seq_s_18363,41001,fst,6,0.0843,ad,,,,,,xp,6,0,0,-0.815401,-0.0284475,-0.321169016666667,div,1000,95,0.095,,6,0.0113368113465611,0.00627243785138566,-0.945682177006482,div_com,1000,95,0.095,,6,0.0115434485155818,0.0059571552604998,-1.03941304004807,,3,0.0099300689216114,0.00867553499132447,-0.386752657811423,div_region,95,0.0113368113465611,,,0,,0,,,
seq_s_18363,42001,fst,17,0.1471,ad,3,0.1164,43,57,-14,xp,17,0,0,-0.326815,1.32533,0.375741905882353,div,1000,518,0.518,,17,0.00589091065788166,0.00671895597433377,0.378602352839292,div_com,1000,518,0.518,,17,0.00599828486250469,0.00672956811437322,0.332220461283881,,7,0.00424935381780668,0.00515507658364802,0.786491872940513,div_region,518,0.00415828987615176,,,0,,0,,,
seq_s_18363,43001,fst,10,0.0708,ad,3,0.0283,38.3333333333333,30.6666666666667,7.66666666666667,xp,10,0,0,0.599738,1.77222,0.9091987,div,1000,429,0.429,,10,0.00418413783186987,0.00443507586364751,0.14528250402263,div_com,1000,429,0.429,,10,0.00426040252129087,0.00449746639848787,0.136565043047636,,6,0.00439793262262509,0.00353492661184969,-0.704415791252841,div_region,429,0.0033473102654959,,,0,,0,,,
seq_s_18363,44001,fst,6,0.0107,ad,,,,,,xp,6,0,0,-0.500453,0.846733,0.212713833333333,div,1000,425,0.425,,6,0.00253411077158425,0.00250154115700345,-0.0272080502447971,div_com,1000,425,0.425,,6,0.00258030025642416,0.00254384864707854,-0.0303421577943122,,2,0.00147977497655386,0.0021978021978022,1.3166652789305,div_region,425,0.00126705538579212,,,0,,0,,,
seq_s_18363,45001,fst,11,0.0183,ad,2,0.0033,6,10.5,-4.5,xp,11,0,0,-0.815534,0.366654,-0.0471771454545455,div,1000,212,0.212,,11,0.00931365397575185,0.005215217142441,-1.08921257325585,div_com,1000,212,0.212,,11,0.00948341485753377,0.00518492090547377,-1.1363787585324,,4,0.00593306004750367,0.00570184532448683,-0.128374382148599,div_region,212,0.00846695815977441,,,0,,0,,,
seq_s_18363,46001,fst,,,ad,,,,,,xp,0,0,,,,,div,1000,0,0,,,,,,div_com,1000,0,0,,,,,,,,,,,div_region,0,,,,0,,0,,,
seq_s_18363,47001,fst,78,0.1725,ad,,,,,,xp,78,4,0.0512820512820513,-2.77124,0.740095,-0.714434451282051,div,1000,425,0.425,,78,0.0329434400305952,0.0405377286049556,0.723743224513049,div_com,1000,425,0.425,,77,0.0331138532907767,0.0398061879897296,0.639828468143292,,48,0.0355145994372925,0.0360180995475113,0.0620910416818237,div_region,425,0.0244964041253144,,,0,,0,,,
seq_s_18363,48001,fst,32,0.2038,ad,2,0.01045,11.5,3.5,8,xp,32,1,0.03125,-1.91595,2.01467,-0.5169122,div,1000,238,0.238,,32,0.0241343883008024,0.0335697985758017,1.14772557769169,div_com,1000,238,0.238,,32,0.0245742881564206,0.0333168617014757,1.05517428009659,,19,0.02510332549511,0.0245636716224951,-0.0895039601215778,div_region,238,0.0233801886664023,,,0,,0,,,
seq_s_18363,49001,fst,8,0.2213,ad,3,0.135433333333333,62,100,-38,xp,8,0,0,1.30368,1.91887,1.6657325,div,1000,59,0.059,,8,0.0243389170152159,0.0405654703475543,1.528755854137,div_com,1000,59,0.059,,8,0.0247825448357123,0.0423700282834614,1.64973585497048,,2,0.010659396017549,0.0106165021419259,-0.0109192508629958,div_region,59,0.0243389170152159,,,0,,0,,,
seq_s_18363,50001,fst,,,ad,,,,,,xp,0,0,,,,,div,1000,102,0.102,,,,,,div_com,1000,102,0.102,,,,,,,,,,,div_region,102,,,,0,,0,,,
seq_s_18363,51001,fst,,,ad,,,,,,xp,0,0,,,,,div,1000,279,0.279,,,,,,div_com,1000,279,0.279,,,,,,,,,,,div_region,279,,,,0,,0,,,
seq_s_18363,52001,fst,,,ad,,,,,,xp,0,0,,,,,div,1000,67,0.067,,,,,,div_com,1000,67,0.067,,,,,,,,,,,div_region,67,,,,0,,0,,,
seq_s_18363,53001,fst,6,0.0062,ad,,,,,,xp,6,0,0,1.29004,1.32415,1.30057166666667,div,1000,302,0.302,,6,0.00356621548981227,0.000312618335324106,-1.93137494928376,div_com,1000,302,0.302,,6,0.00363121724827904,0.000345209172976919,-1.94364253462264,,0,0,0,,div_region,302,0.00118873849660409,,,0,,0,,,
seq_s_18363,54001,fst,2,0.3788,ad,,,,,,xp,2,0,0,1.29421,1.29421,1.29421,div,1000,86,0.086,,2,0.0041744072787725,0.00549327210456797,0.452826240082169,div_com,1000,86,0.086,,2,0.00425049460845065,0.00573761721206915,0.5100447770703,,0,0,0,,div_region,86,0.00208720363938625,,,0,,0,,,
seq_s_18363,55001,fst,7,0.201,ad,3,0.0844,36.3333333333333,33.3333333333333,3,xp,7,4,0.571428571428571,1.29421,2.62636,1.97269285714286,div,1000,66,0.066,,7,0.0190378271350079,0.0269128126270954,0.91514377295328,div_com,1000,66,0.066,,7,0.0193848314718734,0.02831876162591,1.03405326168843,,2,0.0095288540156877,0.00616050616050616,-0.959193915001201,div_region,66,0.0190378271350079,,,0,,0,,,
seq_s_18363,56001,fst,,,ad,,,,,,xp,0,0,,,,,div,1000,0,0,,,,,,div_com,1000,0,0,,,,,,,,,,,div_region,0,,,,0,,0,,,
seq_s_18363,57001,fst,58,0.2245,ad,5,0.03786,24.4,8.4,16,xp,58,0,0,-1.25658,1.82064,0.112731265517241,div,1000,558,0.558,,58,0.0186576554717896,0.026724222576755,1.33456521033265,div_com,1000,558,0.558,,53,0.0173599950047653,0.0266755799786741,1.66197352651733,,30,0.0169060313181556,0.0171334042301784,0.0577067381763316,div_region,558,0.0151191346064502,,,0,,0,,,
seq_s_18363,58001,fst,39,0.0736,ad,,,,,,xp,39,0,0,-0.710932,1.17334,0.34532568974359,div,1000,453,0.453,,39,0.0154536004558532,0.0171027900450793,0.319462696376791,div_com,1000,453,0.453,,38,0.0153318061594004,0.017283497366526,0.383955262886884,,22,0.0152714084224929,0.0141183319991267,-0.317838870749698,div_region,453,0.0142648619592491,,,0,,0,,,
seq_s_18363,59001,fst,25,0.0409,ad,,,,,,xp,25,0,0,-0.633449,0.175286,-0.0935673732,div,1000,197,0.197,,25,0.0227791260136063,0.0226793145574862,-0.0124961475031444,div_com,1000,197,0.197,,25,0.0231943233709871,0.0228537477491727,-0.0423283751627508,,13,0.0207506516382235,0.0207508227812796,3.31419192312307E-05,div_region,197,0.0191344658514293,,,0,,0,,,
seq_s_18363,60001,fst,122,0.1529,ad,14,0.100264285714286,23.7857142857143,37,-13.2142857142857,xp,122,24,0.19672131147541,-3.57476,0.600771,-0.990729281967214,div,1000,881,0.881,,122,0.0248569132627021,0.0277761256357001,0.375540961003647,div_com,1000,881,0.881,,114,0.0236503116579173,0.0271945131264642,0.482254314942407,,69,0.0246279234889,0.0265682104501628,0.348767523645443,div_region,881,0.0199670286864328,,,0,,0,,,
seq_s_18363,61001,fst,132,0.1207,ad,11,0.0350545454545455,5.27272727272727,6.36363636363636,-1.09090909090909,xp,132,66,0.5,-4.10679,0.0656812,-1.94335776,div,1000,945,0.945,,132,0.0250729478458336,0.0302172921220542,0.657743815893344,div_com,1000,945,0.945,,130,0.0251431374193007,0.0300521500386831,0.630994402772791,,68,0.0226272469959822,0.0267108552822839,0.79864154692903,div_region,945,0.0176650314368373,,,0,,0,,,
seq_s_18363,62001,fst,120,0.4452,ad,28,0.188964285714286,25.5,44.4285714285714,-18.9285714285714,xp,120,27,0.225,-3.92041,-0.809902,-1.70860924166667,div,1000,997,0.997,,120,0.0216047558259439,0.0226533618137002,0.1551179280575,div_com,1000,997,0.997,,117,0.0214485841274977,0.0203985314714199,-0.15768575004529,,64,0.0201854961696414,0.0181864274141105,-0.437568826148711,div_region,997,0.0160235272375751,,,0,,0,,,
seq_s_18363,63001,fst,69,0.1757,ad,23,0.0329,18.2608695652174,7.34782608695652,10.9130434782609,xp,69,10,0.144927536231884,-3.25713,-0.446728,-1.28512550724638,div,1000,990,0.99,,69,0.0125105721172909,0.0188864188864187,1.58969689970426,div_com,1000,990,0.99,,69,0.0127386035386597,0.0191703818569491,1.58936689088468,,36,0.0114346248188252,0.0111999111999112,-0.0888708633737823,div_region,990,0.00942825724781345,,,0,,0,,,
seq_s_18363,64001,fst,96,0.4115,ad,34,0.242388235294118,14.1764705882353,38.1470588235294,-23.9705882352941,xp,96,9,0.09375,-2.56716,0.300272,-0.959081924270833,div,1000,998,0.998,,96,0.0172664862192113,0.0232703870694132,1.10205719218506,div_com,1000,998,0.998,,93,0.0170317915222386,0.0211640877985348,0.774748654633194,,54,0.0170144467494544,0.0196326719372811,0.676574662137562,div_region,998,0.0143887385160094,,,0,,0,,,
seq_s_18363,65001,fst,14,0.2428,ad,6,0.000266666666666667,2.16666666666667,2.33333333333333,-0.166666666666667,xp,14,0,0,-1.90318,0.694402,-0.123425792857143,div,1000,220,0.22,,14,0.0114226962810048,0.0148176469605052,0.773057831563734,div_com,1000,220,0.22,,14,0.0116308988831241,0.0149753624223391,0.757065847537531,,6,0.00857596861411893,0.00744255744255745,-0.474425627050424,div_region,220,0.00897497564936088,,,0,,0,,,
seq_s_18363,66001,fst,7,0.0208,ad,,,,,,xp,7,2,0.285714285714286,-2.15687,-1.21644,-1.64472714285714,div,1000,677,0.677,,7,0.00185597723915882,0.00162878037957181,-0.270823672958221,div_com,1000,677,0.677,,7,0.00188980631778973,0.00158402134218469,-0.363045645639768,,4,0.00185791540630839,0.00212638174233447,0.475998434868066,div_region,677,0.00132569802797059,,,0,,0,,,
seq_s_18363,67001,fst,59,0.2172,ad,,,,,,xp,59,23,0.389830508474576,-3.07248,-0.882806,-1.80151823728814,div,1000,918,0.918,,59,0.0115364610743419,0.0165029975954356,1.33035613639225,div_com,1000,918,0.918,,59,0.0117467372784742,0.0161242292151214,1.162347401453,,33,0.0113038366264531,0.0137422490363667,0.930115066066241,div_region,918,0.00977666192740836,,,0,,0,,,
seq_s_18363,68001,fst,83,0.4451,ad,43,0.155348837209302,21.1860465116279,30.093023255814,-8.90697674418605,xp,83,1,0.0120481927710843,-2.026,1.52663,0.215777775903614,div,1000,876,0.876,,83,0.017007373947419,0.0170400691437875,0.00605375036777642,div_com,1000,876,0.876,,75,0.0156482250139879,0.015970974256332,0.0652112759149067,,31,0.0111278740388682,0.00969692408048572,-0.552705384744416,div_region,876,0.0118846709512085,,,0,,0,,,
seq_s_18363,69001,fst,61,0.4063,ad,5,0.08536,46.6,40,6.6,xp,61,0,0,-1.31174,1.37201,0.653028803278689,div,1000,924,0.924,,61,0.0118500760738315,0.0186873860343254,1.78675247293064,div_com,1000,924,0.924,,58,0.0114726553609047,0.018022012775688,1.77866068862665,,26,0.00884822158599573,0.00916940202654488,0.154479768123561,div_region,924,0.00932465002531,,,0,,0,,,
seq_s_18363,70001,fst,62,0.4005,ad,7,0.2246,18.2857142857143,32.4285714285714,-14.1428571428571,xp,62,5,0.0806451612903226,-1.22328,2.19783,1.10341766241936,div,1000,998,0.998,,62,0.0111512723499073,0.0130939393035009,0.540020358379394,div_com,1000,998,0.998,,61,0.0111713901382426,0.0125644623328126,0.389753353706798,,20,0.00630164694424237,0.00703605012222246,0.487164322360013,div_region,998,0.00917282080395601,,,0,,0,,,
seq_s_18363,71001,fst,81,0.4377,ad,,,,,,xp,81,5,0.0617283950617284,-2.7142,0.430529,-0.64038622345679,div,1000,965,0.965,,81,0.0150667984994452,0.00961145135830589,-1.13886733940712,div_com,1000,965,0.965,,80,0.0151520222311609,0.0073713399576584,-1.62873777066094,,40,0.0130342873582464,0.0161817457154245,1.05026593794454,div_region,965,0.0104165520489992,,,0,,0,,,
seq_s_18363,72001,fst,73,0.453,ad,10,0.18647,16.8,32.7,-15.9,xp,73,1,0.0136986301369863,-0.914707,2.05308,0.619381080821918,div,1000,873,0.873,,73,0.0150096958168005,0.0101966051892414,-1.00331420650374,div_com,1000,873,0.873,,73,0.0152832790102252,0.00820330561748313,-1.46263104525652,,35,0.0126069030791745,0.0140981584280553,0.511473589289166,div_region,873,0.0117198994733922,,,0,,0,,,
seq_s_18363,73001,fst,86,0.3147,ad,,,,,,xp,86,16,0.186046511627907,-3.69148,-0.055745,-1.35977004651163,div,1000,836,0.836,,86,0.0184652609053836,0.0144053095180916,-0.693521968481443,div_com,1000,836,0.836,,83,0.0181459512650244,0.0123030832812958,-1.02306478525681,,57,0.0214399215352973,0.0221751932278248,0.151031267179636,div_region,836,0.0141710141832014,,,0,,0,,,
seq_s_18363,74001,fst,55,0.5453,ad,5,0.22418,2.2,17,-14.8,xp,55,0,0,-1.55714,1.6482,0.0575721234545454,div,1000,1000,1,,55,0.00987247321429697,0.00669305019305017,-0.990596572787821,div_com,1000,1000,1,,54,0.00986964848082242,0.00550802379082045,-1.37045558526399,,15,0.00471678273776541,0.00616483516483516,1.25187603542243,div_region,1000,0.00807747808442479,,,0,,0,,,
seq_s_18363,75001,fst,21,0.3032,ad,,,,,,xp,21,2,0.0952380952380952,-0.288199,2.28215,0.959197714285714,div,1000,403,0.403,,21,0.00935357263705104,0.0119073851792743,0.760244947562467,div_com,1000,403,0.403,,20,0.00907053440016765,0.0111928463802377,0.654116875506174,,11,0.00858306205383285,0.010989010989011,1.10482863285293,div_region,403,0.00757193975380322,,,0,,0,,,
seq_s_18363,76001,fst,14,0.6193,ad,,,,,,xp,14,0,0,0.035172,1.06221,0.7623055,div,1000,678,0.678,,14,0.00370647961920508,0.00472334353497452,0.713589357224036,div_com,1000,678,0.678,,13,0.00350446384384058,0.0042624061143483,0.561342909570055,,5,0.00231896889762311,0.00123180654154106,-1.6231426830809,div_region,678,0.00317698253074721,,,0,,0,,,
seq_s_18363,77001,fst,52,0.6451,ad,4,0.291675,25.75,53.25,-27.5,xp,52,0,0,0.255917,1.5846,0.906267307692308,div,1000,1000,1,,52,0.00933397467533531,0.00736155543298411,-0.647454359010223,div_com,1000,1000,1,,47,0.00859024960367877,0.00610582426214813,-0.88796796409792,,19,0.00597459146783619,0.00375824175824176,-1.5445013184192,div_region,1000,0.0061029834415654,,,0,,0,,,
seq_s_18363,78001,fst,53,0.4842,ad,7,0.153128571428571,23.2857142857143,29.4285714285714,-6.14285714285714,xp,53,0,0,0.41475,1.65792,1.02787601886792,div,1000,754,0.754,,53,0.012617339772311,0.0101798192931196,-0.592710816658536,div_com,1000,754,0.754,,50,0.0121201106209137,0.00955871606249497,-0.651846914107705,,21,0.00875795203298618,0.00462004838662664,-1.98224003615925,div_region,754,0.0107128356557358,,,0,,0,,,
seq_s_18363,79001,fst,74,0.398,ad,,,,,,xp,74,2,0.027027027027027,-1.3513,2.43515,1.28386952702703,div,1000,999,0.999,,74,0.0132962602212754,0.0119752037383954,-0.311091525656689,div_com,1000,999,0.999,,73,0.0133556582341608,0.0114123774767922,-0.459398905907917,,23,0.00723963983774471,0.00704000704000704,-0.116432700961071,div_region,999,0.00844492203243166,,,0,,0,,,
seq_s_18363,80001,fst,92,0.3036,ad,9,0.0780333333333333,19.1111111111111,32.4444444444444,-13.3333333333333,xp,92,0,0,-1.75662,1.85445,0.373283708369565,div,1000,762,0.762,,92,0.0216718572110551,0.0197135107146361,-0.285882791083631,div_com,1000,762,0.762,,87,0.0208675857351888,0.0182699079347212,-0.396365937240736,,58,0.0239346805590896,0.0201609414207839,-0.694718765016076,div_region,762,0.0176672749003167,,,0,,0,,,
seq_s_18363,81001,fst,53,0.569,ad,16,0.24173125,13.0625,25.8125,-12.75,xp,53,44,0.830188679245283,1.7777,3.00443,2.27240509433962,div,1000,870,0.87,,53,0.0109350278026696,0.0100856310215912,-0.238315943194299,div_com,1000,870,0.87,,52,0.0109242597063169,0.00938153412352279,-0.436802984886116,,13,0.0046987107732529,0.00272830617658204,-1.68510438967778,div_region,870,0.00680860221675653,,,0,,0,,,
seq_s_18363,82001,fst,52,0.5828,ad,,,,,,xp,52,25,0.480769230769231,0.937582,3.32013,1.87219517307692,div,1000,999,0.999,,52,0.00934331799332864,0.00573141628482714,-1.18443529337882,div_com,1000,999,0.999,,50,0.0091477111192882,0.00465789546700787,-1.51388115664724,,18,0.00566580509040891,0.00476300476300476,-0.660502826851061,div_region,999,0.00557005495756131,,,0,,0,,,
seq_s_18363,83001,fst,49,0.6266,ad,8,0.14575,12.75,25.75,-13,xp,49,5,0.102040816326531,0.34917,2.11715,1.46113671428571,div,1000,999,0.999,,49,0.00880428041679045,0.00731472417444119,-0.516118510129917,div_com,1000,999,0.999,,46,0.00841589422974514,0.00645623740674817,-0.713735464238669,,13,0.0040919703430731,0.00242000242000242,-1.64189573502144,div_region,999,0.00539037576538191,,,0,,0,,,
seq_s_18363,84001,fst,54,0.5092,ad,12,0.119575,5.33333333333333,15.9166666666667,-10.5833333333333,xp,54,9,0.166666666666667,-1.51974,2.28739,0.760079972222222,div,1000,1000,1,,54,0.00969297370130975,0.00772770729913609,-0.622862816170258,div_com,1000,1000,1,,49,0.00895579214000553,0.00705992593423891,-0.651986178398331,,14,0.00440233055524772,0.00412087912087912,-0.258917648668613,div_region,1000,0.0061029834415654,,,0,,0,,,
seq_s_18363,85001,fst,40,0.573,ad,17,0.194970588235294,23,24.7058823529412,-1.70588235294118,xp,40,40,1,2.07455,2.63148,2.3440975,div,1000,1000,1,,40,0.0071799805194887,0.00699972421401018,-0.075324335519903,div_com,1000,1000,1,,39,0.00712807945837175,0.00654730108854236,-0.246330366970312,,8,0.00251561746014155,0.00162637362637363,-1.33296769564493,div_region,1000,0.00484648685065487,,,0,,0,,,
seq_s_18363,86001,fst,24,0.6445,ad,12,0.20095,36.5833333333333,42.1666666666667,-5.58333333333333,xp,24,24,1,2.18514,2.65117,2.346765,div,1000,1000,1,,24,0.00430798831169322,0.00291698841698847,-0.915945311285132,div_com,1000,1000,1,,24,0.00438651043592108,0.0026285489844014,-1.1492440946603,,3,0.000943356547553083,0.000549450549450549,-1.27826201567666,div_region,830,0.0017301157878286,,,170,0.00422351795264041,0,,,
seq_s_18363,87001,fst,14,0.7842,ad,8,0.274275,25.875,15.125,10.75,xp,14,12,0.857142857142857,1.29502,2.62161,2.20634357142857,div,1000,1000,1,,14,0.00251299318182105,0.00160056995771287,-0.944391707362473,div_com,1000,1000,1,,14,0.00255879775428729,0.00105038716193472,-1.55204418795969,,3,0.000943356547553083,0.000846153846153846,-0.315431909182206,div_region,0,,,,748,0.00167980827661835,252,0.000712299654711181,,
seq_s_18363,88001,fst,25,0.3996,ad,12,0.0484583333333333,19.25,8.33333333333333,10.9166666666667,xp,25,24,0.96,1.82954,2.77744,2.3520968,div,1000,962,0.962,,25,0.00466474825850357,0.00206925496500773,-1.58680846432939,div_com,1000,962,0.962,,25,0.00474977308116887,0.0021285798976294,-1.5908378497305,,1,0.000326873370600514,0.000148500148500149,-1.15524134158067,div_region,0,,,,745,0.00289126732328404,217,0.00496312017476178,,
seq_s_18363,89001,fst,91,0.6322,ad,2,0.4314,1.5,46,-44.5,xp,93,54,0.580645161290323,-0.735337,3.36324,1.52783061290323,div,1000,1000,1,,91,0.0163344556818368,0.00786348593491464,-1.63990175161709,div_com,1000,1000,1,,87,0.0159011003302139,0.00653035574009665,-1.87642051196547,,23,0.00723240019790697,0.00436263736263736,-1.67541962305404,div_region,0,,,,0,,1000,0.00825697759741201,,
seq_s_18363,90001,fst,106,0.4253,ad,12,0.0820666666666667,24.6666666666667,24.25,0.416666666666668,xp,106,14,0.132075471698113,-2.11377,3.44795,-0.0605869110566037,div,1000,947,0.947,,106,0.0200918145476717,0.0144250342621137,-0.897416201606633,div_com,1000,947,0.947,,101,0.0194930286003181,0.0125072330308028,-1.14817140959284,,45,0.0149422895599749,0.0155958086264316,0.19110389110049,div_region,0,,,,0,,947,0.0134577248385348,,
seq_s_18363,91001,fst,179,0.2673,ad,23,0.0664782608695652,7.78260869565217,8,-0.217391304347826,xp,179,23,0.128491620111732,-3.10657,0.307761,-1.05239058072626,div,1000,995,0.995,,179,0.0322918721856401,0.0183447112377482,-1.39593298994729,div_com,1000,995,0.995,,163,0.0299414238297795,0.01688500859138,-1.41810436383639,,68,0.0214901994082444,0.021469987299133,-0.00416208292858329,div_region,0,,,,0,,995,0.022550190073771,,
seq_s_18363,92001,fst,215,0.1455,ad,,,,,,xp,215,1,0.00465116279069767,-2.07673,0.727154,-0.477159177627907,div,1000,1000,1,,215,0.0385923952922518,0.0240041367898511,-1.22647447029705,div_com,1000,1000,1,,206,0.0376508812416559,0.0234264392324094,-1.23500113605289,,90,0.0283006964265925,0.024021978021978,-0.673196973352876,div_region,0,,,,0,,1000,0.0271044264610698,,
seq_s_18363,93001,fst,112,0.2455,ad,18,0.0643555555555556,15.5555555555556,21.6666666666667,-6.11111111111111,xp,112,33,0.294642857142857,-3.39172,0.792554,-1.41700490714286,div,1000,999,0.999,,112,0.0201240695240925,0.0107830757766407,-1.47990744690245,div_com,1000,999,0.999,,102,0.0186613306833479,0.0098174709329462,-1.51891752442689,,48,0.0151088135744237,0.0141350141350141,-0.282276974766488,div_region,0,,,,0,,999,0.0127572226447372,,
seq_s_18363,94001,fst,126,0.2118,ad,14,0.02705,22.1428571428571,25.4285714285714,-3.28571428571428,xp,126,3,0.0238095238095238,-2.25731,1.30605,-0.422160013730159,div,1000,998,0.998,,126,0.0226622631627148,0.0153588110215646,-1.03162347072128,div_com,1000,998,0.998,,113,0.0206945423872362,0.0149385292861561,-0.894803504781947,,55,0.0173295290966665,0.0135435706577991,-0.961086777058529,div_region,0,,,,0,,998,0.0165470492934108,,
seq_s_18363,95001,fst,85,0.2141,ad,,,,,,xp,85,1,0.0117647058823529,-2.04017,1.67914,-0.139733585411765,div,1000,728,0.728,,85,0.0209580475328482,0.0193403764832337,-0.243332762940362,div_com,1000,728,0.728,,72,0.0180762792689055,0.0188888655951837,0.141829591091692,,43,0.0185734118794792,0.0163023789397416,-0.533351022889821,div_region,0,,,,0,,728,0.0175061338215556,,
seq_s_18363,96001,fst,176,0.2038,ad,46,0.0703195652173913,14.2608695652174,18.695652173913,-4.43478260869565,xp,176,20,0.113636363636364,-2.29779,2.6106,0.00880217022727281,div,1000,899,0.899,,176,0.0351411727316466,0.0167963586841704,-1.68654628579236,div_com,1000,899,0.899,,157,0.0319188977771417,0.0163013580470526,-1.58968798677606,,52,0.0181885578319467,0.01541395201017,-0.66989711495152,div_region,0,,,,0,,899,0.0239598904988499,,
seq_s_18363,97001,fst,144,0.2024,ad,28,0.0414178571428571,16.4642857142857,22.8928571428571,-6.42857142857143,xp,144,12,0.0833333333333333,-1.52886,2.4568,0.629757805555555,div,1000,794,0.794,,144,0.0325540678465483,0.0224997140254426,-0.992654844342035,div_com,1000,794,0.794,,136,0.0313059099121151,0.0225569563217793,-0.90441423385617,,39,0.0154453842798364,0.0146012677498824,-0.237449310652885,div_region,0,,,,0,,794,0.0232852013069061,,
seq_s_18363,98001,fst,92,0.124,ad,24,0.0187958333333333,20.4166666666667,21.0416666666667,-0.625,xp,92,0,0,-0.940057,1.47175,0.57531459576087,div,1000,618,0.618,,92,0.0267216103476117,0.0177603797576062,-1.06096152445234,div_com,1000,618,0.618,,89,0.0263214285866354,0.0178267724084875,-1.02861522202919,,30,0.015264669054257,0.0140830043742665,-0.332151588466482,div_region,0,,,,0,,618,0.0180080417559992,,
seq_s_18363,99001,fst,146,0.1934,ad,17,0.0313470588235294,18.1176470588235,19.2352941176471,-1.11764705882353,xp,146,11,0.0753424657534247,-3.47681,1.76984,0.103166648013699,div,1000,907,0.907,,146,0.0288940781655278,0.0210967667259996,-0.86766934076796,div_com,1000,907,0.907,,141,0.0284131739923223,0.020678454846326,-0.881889801251657,,48,0.0166413503427225,0.0181130886753819,0.387327501660792,div_region,0,,,,0,,907,0.0231548434614162,,
seq_s_18363,100001,fst,210,0.0906,ad,13,0.0200153846153846,36.1538461538462,37.7692307692308,-1.61538461538461,xp,210,80,0.380952380952381,0.770648,2.96161,1.88936670952381,div,1000,944,0.944,,210,0.0399310357280886,0.0232231864344458,-1.35695869641995,div_com,1000,944,0.944,,205,0.0396907944634455,0.0241501885880908,-1.27980437323387,,47,0.015655987900775,0.0119901285155522,-1.02472999618835,div_region,0,,,,0,,944,0.0300433506906572,,
seq_s_18363,101001,fst,84,0.0915,ad,,,,,,xp,84,3,0.0357142857142857,-0.413253,2.11118,0.992776105952382,div,1000,382,0.382,,84,0.0394710970966656,0.0204534056441302,-1.51810163901886,div_com,1000,382,0.382,,80,0.0382767053745295,0.0208736657616538,-1.44209756989238,,22,0.0181098115586107,0.01426845405903,-0.892891738546547,div_region,0,,,,0,,382,0.0253742767049993,,
seq_s_18363,102001,fst,,,ad,,,,,,xp,0,0,,,,,div,1000,0,0,,,,,,div_com,1000,0,0,,,,,,,,,,,div_region,0,,,,0,,0,,,
seq_s_18363,103001,fst,77,0.4827,ad,,,,,,xp,77,45,0.584415584415584,-4.93465,2.49606,-0.112592701298701,div,1000,672,0.672,,77,0.0205676525297853,0.0152470254511073,-0.811638727569985,div_com,1000,672,0.672,,75,0.0203985790360913,0.0136291555113799,-1.04923874522207,,23,0.0107625002945044,0.011119832548404,0.140190660700322,div_region,0,,,,0,,672,0.016560966972035,,
seq_s_18363,104001,fst,56,0.2896,ad,,,,,,xp,56,27,0.482142857142857,-3.98749,-1.41297,-2.38039232142857,div,1000,562,0.562,,56,0.0178860724684772,0.00780395836318607,-1.73595851705889,div_com,1000,562,0.562,,53,0.0172364363214574,0.00672765996363415,-1.88828801339903,,19,0.0106309456723064,0.0121817684095264,0.607363195694649,div_region,0,,,,0,,562,0.0121369777464667,,
seq_s_18363,105001,fst,,,ad,,,,,,xp,0,0,,,,,div,1000,0,0,,,,,,div_com,1000,0,0,,,,,,,,,,,div_region,0,,,,0,,0,,,
seq_s_18363,106001,fst,,,ad,,,,,,xp,0,0,,,,,div,1000,0,0,,,,,,div_com,1000,0,0,,,,,,,,,,,div_region,0,,,,0,,0,,,
seq_s_18363,107001,fst,74,0.2973,ad,20,0.09778,41.2,29.45,11.75,xp,74,24,0.324324324324324,-3.38549,1.47016,-1.54395180810811,div,1000,903,0.903,,74,0.0147098161251983,0.0085563901415824,-1.30980317038517,div_com,1000,903,0.903,,69,0.0139659108563379,0.00778698369864768,-1.39270368758515,,26,0.00905399418101888,0.00999111630340866,0.440488412955979,div_region,0,,,,0,,903,0.00974028365046917,,
seq_s_18363,108001,fst,55,0.2351,ad,,,,,,xp,55,1,0.0181818181818182,-2.362,-0.522727,-0.837595163636364,div,1000,980,0.98,,55,0.0100739522594867,0.00252025244736614,-2.30639827221354,div_com,1000,980,0.98,,55,0.0102575711724345,0.00227980093395223,-2.41485636941329,,8,0.00256695659198118,0.00349854227405248,1.36850895256863,div_region,0,,,,0,,980,0.00586120858733772,,
seq_s_18363,109001,fst,70,0.3779,ad,13,0.249207692307692,25,41.4615384615385,-16.4615384615385,xp,70,38,0.542857142857143,-4.71925,-0.100957,-2.23169505714286,div,1000,934,0.934,,70,0.0134528542924039,0.00673864661322616,-1.55804584535438,div_com,1000,934,0.934,,68,0.0133066876178905,0.00535488101826352,-1.87958474340382,,34,0.0114468674578176,0.0117302397816316,0.106894514893552,div_region,0,,,,0,,934,0.0107622834339231,,
seq_s_18363,110001,fst,124,0.5724,ad,23,0.245691304347826,18.9130434782609,31.695652173913,-12.7826086956522,xp,124,90,0.725806451612903,-4.09995,1.34933,-2.29336832258064,div,1000,987,0.987,,124,0.0225511039619199,0.0118346744486569,-1.52038450786439,div_com,1000,987,0.987,,123,0.0227769665492356,0.00890762950564741,-1.96451817005368,,50,0.0159296951630038,0.0140062571673514,-0.529558574459331,div_region,0,,,,12,,975,0.0149122672327842,,
seq_s_18363,111001,fst,79,0.5852,ad,11,0.195327272727273,7.72727272727273,35.6363636363636,-27.9090909090909,xp,79,64,0.810126582278481,-5.08115,0.117021,-2.80329132658228,div,1000,986,0.986,,79,0.0143818068214911,0.00814174691311763,-1.36306506179386,div_com,1000,986,0.986,,74,0.0137171134321399,0.0055065610500775,-1.89118770733405,,35,0.0111620957283157,0.0123264159775316,0.451030925169164,div_region,0,,,,32,0.0224374391234022,954,0.00978404054018376,,
seq_s_18363,112001,fst,33,0.0172,ad,,,,,,xp,33,0,0,0.00840652,0.454556,0.237208403636364,div,1000,852,0.852,,33,0.00695244592556124,0.00127049297069406,-2.40702107902239,div_com,1000,852,0.852,,33,0.00707916883731394,0.00136811968959617,-2.40038567065238,,2,0.000738150663187076,0.000335345405767941,-1.48074498027722,div_region,0,,,,0,,852,0.00400292341168678,,
seq_s_18363,113001,fst,164,0.2731,ad,10,0.0998,15.7,27.5,-11.8,xp,164,145,0.884146341463415,-6.03145,0.240421,-3.76709274207317,div,1000,913,0.913,,164,0.0322430669549876,0.0220144480041214,-1.02314648530827,div_com,1000,913,0.913,,144,0.0288270127223729,0.0192549100924156,-1.07635053787751,,89,0.0306530605082966,0.0333642261353105,0.39374398876372,div_region,0,,,,0,,913,0.0251653205502342,,
seq_s_18363,114001,fst,51,0.2384,ad,2,0.18,52,17.5,34.5,xp,51,51,1,-6.56914,-2.01595,-3.49845215686275,div,1000,260,0.26,,51,0.035209519855185,0.044121869121869,0.774464484175271,div_com,1000,260,0.26,,42,0.0295245894725457,0.0425114163134587,1.33839562064051,,34,0.0411206700215446,0.0395604395604396,-0.16383746263273,div_region,0,,,,0,,260,0.0283056924325997,,
seq_s_18363,115001,fst,71,0.4594,ad,22,0.307886363636364,9.81818181818182,28.9090909090909,-19.0909090909091,xp,71,71,1,-6.87579,-4.28161,-5.55682,div,1000,390,0.39,,71,0.0326781164669037,0.0105710891425178,-2.11353907622272,div_com,1000,390,0.39,,49,0.0229635695897578,0.0040658477422028,-2.53457276153489,,45,0.036282944136657,0.0420118343195266,0.689916279111195,div_region,0,,,,0,,390,0.02347301323679,,
seq_s_18363,116001,fst,63,0.4888,ad,17,0.407729411764706,12.1176470588235,36.6470588235294,-24.5294117647059,xp,63,63,1,-6.63205,-2.44296,-4.15005380952381,div,1000,947,0.947,,63,0.0119413614764464,0.00458255164847423,-1.91211001034789,div_com,1000,947,0.947,,47,0.0090710133090589,0.00236540696885553,-2.26965256084168,,34,0.0112897298897588,0.013576708402474,0.874708156074653,div_region,0,,,,0,,947,0.00758181681044213,,
seq_s_18363,117001,fst,23,0.0901,ad,,,,,,xp,23,23,1,-4.42719,-2.24094,-2.87860217391304,div,1000,463,0.463,,23,0.00891682245940821,0.00337098238980409,-1.75422243955025,div_com,1000,463,0.463,,22,0.00868459589545209,0.00327306774721855,-1.7660504158181,,7,0.00475413666873404,0.00393990458785275,-0.631972813646763,div_region,0,,,,0,,463,0.00503994312923073,,
seq_s_18363,118001,fst,60,0.6172,ad,,,,,,xp,60,60,1,-5.76393,-4.01203,-4.72054566666667,div,1000,624,0.624,,60,0.0172595685564632,0.0103643675072248,-1.23585552965744,div_com,1000,624,0.624,,49,0.0143522309935986,0.00256903021042837,-2.52859090547648,,49,0.0246925592041138,0.0352035784728092,1.86562562297667,div_region,0,,,,0,,624,0.0146706332729937,,
seq_s_18363,119001,fst,100,0.5707,ad,,,,,,xp,100,100,1,-6.93388,-2.81259,-4.580613,div,1000,988,0.988,,100,0.0181679669015402,0.00818434934976273,-1.744521224213,div_com,1000,988,0.988,,94,0.0173891692382161,0.00316092515414472,-2.61393687858324,,57,0.0181414720683285,0.0253815010900031,1.75755932902807,div_region,182,0.00690382742258529,,,31,0.0231612274822216,775,0.0125070628403997,,
seq_s_18363,120001,fst,98,0.5681,ad,,,,,,xp,98,98,1,-7.60387,-4.6294,-6.06262877551021,div,1000,1000,1,,98,0.0175909522727473,0.00899273763559456,-1.55046012319514,div_com,1000,1000,1,,82,0.014987243989397,0.00382235439344632,-2.36561674357514,,69,0.0216972005937209,0.0262417582417582,0.927226384148927,div_region,1000,0.0111289698052075,,,0,,0,,,
seq_s_18363,121001,fst,41,0.3937,ad,,,,,,xp,41,41,1,-6.38496,-2.90909,-3.84386487804878,div,1000,893,0.893,,41,0.00824129902852846,0.00355937901930512,-1.7082099554114,div_com,1000,893,0.893,,39,0.00798217184588102,0.00243605956275594,-2.10062068221539,,18,0.00633834186485834,0.00865092354454056,1.51239775580994,div_region,893,0.00603021880136229,,,0,,0,,,
seq_s_18363,122001,fst,107,0.5723,ad,3,0.263866666666667,1.66666666666667,30.6666666666667,-29,xp,107,107,1,-6.46709,-3.10916,-4.33111560747663,div,1000,1000,1,,107,0.0192064478896323,0.00873359073359058,-1.73559418556561,div_com,1000,1000,1,,102,0.0186426693526646,0.00473190438783534,-2.39154122016016,,52,0.0163515134909201,0.0199120879120879,0.956240624392912,div_region,1000,0.0129239649350797,,,0,,0,,,
seq_s_18363,123001,fst,125,0.4852,ad,33,0.333221212121212,9.93939393939394,27.6363636363636,-17.6969696969697,xp,125,125,1,-8.39246,-4.06395,-6.33199824,div,1000,1000,1,,125,0.0224374391234022,0.0109797756940609,-1.63420811424699,div_com,1000,1000,1,,112,0.0204703820342984,0.00465985860172831,-2.48397306596015,,95,0.029872957339181,0.0388351648351648,1.33721878819737,div_region,1000,0.0175909522727473,,,0,,0,,,
seq_s_18363,124001,fst,126,0.5133,ad,15,0.315253333333333,7.66666666666667,31.5333333333333,-23.8666666666667,xp,126,126,1,-8.84251,-4.87267,-6.92397603174603,div,1000,954,0.954,,126,0.0237074828473684,0.00969818490034072,-1.89159096896444,div_com,1000,954,0.954,,101,0.0193499979921396,0.00342426515928408,-2.63686974654522,,88,0.0290060713433513,0.0362614324878476,1.11328387659071,div_region,954,0.0178746894484126,,,0,,0,,,
seq_s_18363,125001,fst,96,0.5134,ad,4,0.016325,0.5,1.75,-1.25,xp,96,96,1,-6.36834,-2.97396,-4.05604885416667,div,1000,997,0.997,,96,0.0172838046607551,0.00665417838365252,-1.9491857792045,div_com,1000,997,0.997,,82,0.0150323410124343,0.003324528630218,-2.47320926675496,,54,0.0170315123931349,0.0192776130589571,0.579832516303234,div_region,997,0.0115225364405034,,,0,,0,,,
seq_s_18363,126001,fst,74,0.4949,ad,6,0.25745,0,14,-14,xp,74,74,1,-7.26697,-3.80041,-4.89265756756757,div,1000,1000,1,,74,0.0132829639610541,0.00445532266960825,-2.08087495597743,div_com,1000,1000,1,,51,0.00932133467633229,0.00143160139153855,-2.61443345113708,,46,0.0144648003958139,0.0181538461538462,1.11527007548144,div_region,1000,0.00969297370130975,,,0,,0,,,
seq_s_18363,127001,fst,61,0.5933,ad,17,0.295158823529412,0.529411764705882,22.4117647058824,-21.8823529411765,xp,61,61,1,-7.45299,-4.32289,-5.19213639344262,div,1000,1000,1,,61,0.0109494702922203,0.00382073910645332,-2.0161339856289,div_com,1000,1000,1,,48,0.00877302087184215,0.00153192683200538,-2.53818939823549,,30,0.00943356547553083,0.0108901098901099,0.662486962840183,div_region,1000,0.00807747808442479,,,0,,0,,,
seq_s_18363,128001,fst,37,0.3939,ad,8,0.0023875,1.5,0.875,0.625,xp,37,12,0.324324324324324,-5.12585,-1.14104,-2.27703,div,1000,742,0.742,,37,0.00895078434033295,0.00209490804408,-2.28169882733007,div_com,1000,742,0.742,,36,0.00886760869795366,0.00159816405478432,-2.46019652935022,,9,0.00381411003053807,0.00396907674535707,0.155922899583413,div_region,742,0.00580591416670245,,,0,,0,,,
seq_s_18363,129001,fst,94,0.664,ad,14,0.315921428571429,21.7857142857143,29.3571428571429,-7.57142857142857,xp,94,80,0.851063829787234,-9.41749,-1.48097,-5.25955914893617,div,1000,997,0.997,,94,0.0169237253969894,0.00762592982108683,-1.73970883683133,div_com,1000,997,0.997,,80,0.0146656985487164,0.00324236090608282,-2.47055396771018,,53,0.0167161140154842,0.0167315132209816,0.00404793541927851,div_region,997,0.0115225364405034,,,0,,0,,,
seq_s_18363,130001,fst,127,0.5319,ad,12,0.248125,16.5833333333333,15.1666666666667,1.41666666666667,xp,127,127,1,-8.82894,-4.85132,-6.25045937007874,div,1000,963,0.963,,127,0.0236723137584389,0.00960210639783386,-1.90311970892962,div_com,1000,963,0.963,,99,0.0187895696242725,0.00469358172480559,-2.40164996946269,,91,0.0297145883791383,0.0272043636529618,-0.37623593788083,div_region,963,0.0141661090207981,,,0,,0,,,
seq_s_18363,131001,fst,85,0.6424,ad,1,0,99,100,-1,xp,85,85,1,-8.50085,-3.7056,-5.96010929411765,div,1000,784,0.784,,85,0.0194610441376448,0.00994588403480476,-1.54138510397119,div_com,1000,784,0.784,,81,0.0188832560219817,0.00475707621169873,-2.37415321065841,,56,0.0224608701798353,0.0210529266651716,-0.275911993404572,div_region,784,0.0141951145474585,,,0,,0,,,
seq_s_18363,132001,fst,54,0.5028,ad,11,0.200209090909091,0.727272727272727,16.6363636363636,-15.9090909090909,xp,54,54,1,-7.21884,-4.24054,-5.47340259259259,div,1000,1000,1,,54,0.00969297370130975,0.00347812097812091,-1.9697078548574,div_com,1000,1000,1,,49,0.00895579214000553,0.00200415217147339,-2.39066088255507,,27,0.00849020892797775,0.00876923076923077,0.140177690402438,div_region,1000,0.00538498538961653,,,0,,0,,,
seq_s_18363,133001,fst,115,0.5424,ad,30,0.390226666666667,20.1666666666667,30.9333333333333,-10.7666666666667,xp,115,115,1,-8.71655,-5.09589,-6.52937234782609,div,1000,913,0.913,,115,0.0226094676818511,0.00811137041773914,-2.04637394493643,div_com,1000,913,0.913,,83,0.0166155698330344,0.00285112250964646,-2.63208760820298,,78,0.0268644799960352,0.0284895827064502,0.268563217046203,div_region,913,0.0147453050099029,,,0,,0,,,
seq_s_18363,134001,fst,90,0.748,ad,24,0.538283333333333,20.7916666666667,41.75,-20.9583333333333,xp,90,90,1,-8.67685,-4.08052,-6.35262022222222,div,1000,965,0.965,,90,0.0167408872216058,0.00791224766058222,-1.66684446974579,div_com,1000,965,0.965,,40,0.00757601111558044,0.00116860863007419,-2.56266738375329,,62,0.0202031454052819,0.0200421340317713,-0.0351821871051548,div_region,965,0.0143227590673738,,,0,,0,,,
seq_s_18363,135001,fst,63,0.5228,ad,15,0.2966,1,21.0666666666667,-20.0666666666667,xp,63,45,0.714285714285714,-7.67884,-0.0207284,-4.11754416507936,div,1000,999,0.999,,63,0.011319789107302,0.00422715416280424,-1.94414392269529,div_com,1000,999,0.999,,43,0.00786703156258785,0.00211590785039327,-2.22872396228442,,36,0.0113316101808178,0.011957011957012,0.238951914058098,div_region,999,0.00826524284025226,,,0,,0,,,
seq_s_18363,136001,fst,51,0.021,ad,,,,,,xp,51,0,0,-0.383908,0.117306,-0.0253835982352941,div,1000,1000,1,,51,0.00915447516234809,0.00103428939143231,-2.71395052152233,div_com,1000,1000,1,,51,0.00932133467633229,0.00108349231287174,-2.72978690949353,,4,0.00125780873007078,0.000571428571428571,-1.79759454343273,div_region,1000,0.00287199220779548,,,0,,0,,,
seq_s_18363,137001,fst,40,0.4281,ad,8,0.412825,0.75,32.125,-31.375,xp,40,6,0.15,-2.80541,0.0825008,-1.2392857795,div,1000,882,0.882,,40,0.00814056748241349,0.0023135380278237,-2.14763583626664,div_com,1000,882,0.882,,38,0.0078744990818689,0.00129804661923874,-2.51901983770286,,14,0.00499130448440784,0.00708928259948668,1.70226718314134,div_region,882,0.0048843404894481,,,0,,0,,,
seq_s_18363,138001,fst,41,0.5275,ad,4,0,24.75,25,-0.25,xp,41,25,0.609756097560976,-6.5444,-1.34289,-3.28758804878049,div,1000,860,0.86,,41,0.00855753492148363,0.0027984795426656,-2.02355729805751,div_com,1000,860,0.86,,36,0.00765089029521118,0.001497756887881,-2.41356747630541,,16,0.00585027316311989,0.00728341426015845,1.00503007115412,div_region,860,0.00459184800664975,,,0,,0,,,
seq_s_18363,139001,fst,99,0.7163,ad,5,0,0.6,0,0.6,xp,99,99,1,-7.72412,-3.50269,-5.33665080808081,div,1000,951,0.951,,99,0.0186860691753255,0.0100968798580344,-1.45866006947735,div_com,1000,951,0.951,,91,0.0174891539462328,0.00487600186019914,-2.30084064906108,,44,0.0145487865728481,0.0158653123952809,0.395062382698156,div_region,951,0.012457379450217,,,0,,0,,,
seq_s_18363,140001,fst,40,0.5958,ad,2,0.2094,49.5,60.5,-11,xp,40,40,1,-6.36257,-4.18596,-4.92753725,div,1000,688,0.688,,40,0.0104360181969313,0.00342527803075992,-2.01556660148426,div_com,1000,688,0.688,,28,0.00743836556478865,0.00115580951685009,-2.46846811148141,,28,0.0127974725443248,0.0107813697929977,-0.67338283622113,div_region,688,0.00782701364769844,,,0,,0,,,
seq_s_18363,141001,fst,85,0.6013,ad,,,,,,xp,85,76,0.894117647058824,-5.52373,-1.78759,-3.94826,div,1000,1000,1,,85,0.0152574586039135,0.00578948336091177,-1.95630294378902,div_com,1000,1000,1,,68,0.0124284462351097,0.00326001571091905,-2.32030045151791,,44,0.0138358960307785,0.0115164835164835,-0.731869714558767,div_region,1000,0.0114879688311819,,,0,,0,,,
seq_s_18363,142001,fst,27,0.7256,ad,,,,,,xp,27,11,0.407407407407407,-3.00383,-1.60623,-2.0094962962963,div,1000,685,0.685,,27,0.00707516328562755,0.00276846189254965,-1.752750702122,div_com,1000,685,0.685,,27,0.0072041229787025,0.0016048400770966,-2.26183091064408,,6,0.00275432568628637,0.0031603433063287,0.529167816741922,div_region,685,0.0047167755237517,,,0,,0,,,
seq_s_18363,143001,fst,16,0.0771,ad,3,0.0133666666666667,22.3333333333333,11.6666666666667,10.6666666666667,xp,16,0,0,-1.42331,0.251321,-0.28707893125,div,1000,507,0.507,,16,0.00566467891083921,0.00967680638010318,1.88789415477094,div_com,1000,507,0.507,,16,0.0057679295672861,0.00996862021697299,1.96427210509263,,11,0.00682243394022611,0.00611223096430197,-0.410292819456972,div_region,507,0.00495659404698431,,,0,,0,,,
seq_s_18363,144001,fst,26,0.1749,ad,1,0.0967,2,14,-12,xp,26,0,0,-1.52385,0.400594,-0.178831399,div,1000,893,0.893,,26,0.00522618962784732,0.00196189973825566,-1.79017799367918,div_com,1000,893,0.893,,26,0.00532144789725401,0.00180081163447483,-1.91652704423832,,7,0.00246491072522269,0.00283031638014841,0.547010821958241,div_region,893,0.00381913857419612,,,0,,0,,,
seq_s_18363,145001,fst,24,0.0113,ad,,,,,,xp,24,0,0,0.107692,0.497543,0.315704208333333,div,1000,739,0.739,,24,0.00582948350702736,0.00231227333489073,-1.71153271809508,div_com,1000,739,0.739,,24,0.00593573807296492,0.00235496745823117,-1.72991144688726,,5,0.00212755197914543,0.00199259468542283,-0.219620763767078,div_region,739,0.00267184660738754,,,0,,0,,,
seq_s_18363,146001,fst,15,-0.0013,ad,1,0,52,50,2,xp,15,0,0,-0.129393,0.377272,0.157118626666667,div,1000,574,0.574,,15,0.00469075382370778,0.00202611414657195,-1.49674585682056,div_com,1000,574,0.574,,15,0.00477625265235309,0.00205712158601291,-1.51806326780939,,2,0.0010956522038944,0.00185702798943217,1.88563007741343,div_region,574,0.00156358460790259,,,0,,0,,,
seq_s_18363,147001,fst,65,0.4689,ad,12,0.0346833333333333,17,20.1666666666667,-3.16666666666667,xp,65,43,0.661538461538462,-5.26374,-0.0428837,-2.23197245846154,div,1000,924,0.924,,65,0.0126271302426073,0.00382279974116691,-2.16750418073873,div_com,1000,924,0.924,,56,0.0110770465553563,0.00280576416812547,-2.32124650619467,,29,0.00986917023053369,0.00670757813614956,-1.371998698475,div_region,924,0.00757627814556438,,,0,,0,,,
seq_s_18363,148001,fst,89,0.6657,ad,,,,,,xp,89,20,0.224719101123595,-3.85434,1.74805,-1.39262897752809,div,1000,975,0.975,,89,0.0163850837496024,0.0085526656955222,-1.51012484307961,div_com,1000,975,0.975,,75,0.0140593283202599,0.00600974307180124,-1.81022050435966,,38,0.0122555722417153,0.008385460693153,-1.37048609209633,div_region,975,0.0104938176823296,,,0,,0,,,
seq_s_18363,149001,fst,127,0.7277,ad,56,0.231782142857143,9.85714285714286,31.9821428571429,-22.125,xp,127,120,0.94488188976378,-4.2087,-1.53588,-2.85424763779528,div,1000,799,0.799,,127,0.0285312117013475,0.0118558061522481,-1.87138225043622,div_com,1000,799,0.799,,103,0.0235612523414618,0.00616554555836493,-2.36722949657278,,64,0.0251876591753848,0.0160227757224003,-1.60767111915184,div_region,799,0.0148272438762908,,,0,,0,,,
seq_s_18363,150001,fst,88,0.5595,ad,,,,,,xp,88,76,0.863636363636364,-6.38483,-1.51191,-3.20609659090909,div,1000,841,0.841,,88,0.0187823509427766,0.0102760067937577,-1.43001273101245,div_com,1000,841,0.841,,78,0.0169514374753193,0.00712915979408448,-1.8355970882842,,45,0.016825622132338,0.0159673857652455,-0.222876458132884,div_region,841,0.012806148370075,,,0,,0,,,
seq_s_18363,151001,fst,42,0.6296,ad,,,,,,xp,42,31,0.738095238095238,-3.54711,-1.74347,-2.32247095238095,div,1000,626,0.626,,42,0.0120430983154363,0.00584114139568269,-1.5516976899137,div_com,1000,626,0.626,,36,0.0105108077538045,0.00390567998844089,-1.88590676517639,,19,0.00954407582721436,0.0077063511568304,-0.801686877604095,div_region,626,0.00774199177420906,,,0,,0,,,
seq_s_18363,152001,fst,136,0.5595,ad,,,,,,xp,136,136,1,-5.89799,-2.25429,-4.65716867647059,div,1000,931,0.931,,136,0.026221196311774,0.0137723159051991,-1.52336367506402,div_com,1000,931,0.931,,125,0.0245396439531926,0.0079506845411618,-2.18208200631856,,77,0.0260073233661251,0.0299335465823114,0.670037444243169,div_region,931,0.0177378680932589,,,0,,0,,,
seq_s_18363,153001,fst,105,0.5587,ad,27,0.2213,12.2962962962963,28.037037037037,-15.7407407407407,xp,105,101,0.961904761904762,-5.65853,-1.87625,-3.4996779047619,div,1000,1000,1,,105,0.0188474488636578,0.00996644603787415,-1.49875260386705,div_com,1000,1000,1,,98,0.0179115842800111,0.00680069576927429,-1.98504910546969,,51,0.0160370613084024,0.0161318681318681,0.0259444406197557,div_region,1000,0.0134624634740413,,,0,,0,,,
seq_s_18363,154001,fst,92,0.3602,ad,11,0.0653454545454545,9.45454545454546,10.2727272727273,-0.818181818181818,xp,92,66,0.717391304347826,-3.95186,-0.606704,-2.30052189130435,div,1000,998,0.998,,92,0.0165470492934108,0.0056552708284749,-2.08244167928338,div_com,1000,998,0.998,,85,0.0155666911762396,0.00467875488379943,-2.22474219887801,,31,0.00976755276357567,0.00891893677464819,-0.373428013721095,div_region,998,0.0113311315813574,,,0,,0,,,
seq_s_18363,155001,fst,152,0.5114,ad,,,,,,xp,152,152,1,-5.83897,-2.79084,-4.0419334868421,div,1000,999,0.999,,152,0.0273112372112683,0.0131164442618754,-1.67296364363475,div_com,1000,999,0.999,,136,0.0248817742444639,0.00961032854198626,-1.98626145173103,,67,0.0210893856142998,0.0205700205700206,-0.108939504474091,div_region,999,0.0150930521430693,,,0,,0,,,
seq_s_18363,156001,fst,143,0.3727,ad,,,,,,xp,143,143,1,-7.84443,-2.66656,-5.33691734265734,div,1000,823,0.823,,143,0.031188858271169,0.0224434392981526,-0.901040610528187,div_com,1000,823,0.823,,129,0.0286482303682573,0.0183698578340451,-1.15924289187653,,87,0.0332409962078243,0.0357710333408997,0.338680790157552,div_region,823,0.0233371177273782,,,0,,0,,,
seq_s_18363,157001,fst,39,0.4435,ad,1,0,2,0,2,xp,39,28,0.717948717948718,-4.46622,0.19418,-2.42190243589744,div,1000,539,0.539,,39,0.0129879053923961,0.00777112730465422,-1.202382078706,div_com,1000,539,0.539,,36,0.0122073574283518,0.00678967376628361,-1.33188605150285,,17,0.00991778683265455,0.00760464025770148,-0.962086271220581,div_region,539,0.0109897661012582,,,0,,0,,,
seq_s_18363,158001,fst,38,0.0592,ad,17,0.0231941176470588,23.3529411764706,20.4705882352941,2.88235294117647,xp,38,0,0,0.540163,1.65354,1.04164752631579,div,1000,251,0.251,,38,0.027175225073762,0.0156992914534177,-1.26112478463454,div_com,1000,251,0.251,,35,0.025486033409236,0.0162693407718015,-1.08235437064912,,11,0.0137807729390225,0.00945667877938794,-1.2367227025351,div_region,251,0.0235995375640565,,,0,,0,,,
seq_s_18363,159001,fst,21,0.0522,ad,,,,,,xp,21,0,0,0.0293289,1.16357,0.543374652380952,div,1000,181,0.181,,21,0.0208259103465833,0.0212609158939075,0.0581611320471118,div_com,1000,181,0.181,,20,0.0201957202390473,0.0218464855963596,0.228509890925069,,9,0.0156357438820953,0.0148746281342967,-0.186808594694659,div_region,181,0.0188424903135753,,,0,,0,,,
seq_s_18363,160001,fst,,,ad,,,,,,xp,0,0,,,,,div,1000,0,0,,,,,,div_com,1000,0,0,,,,,,,,,,,div_region,0,,,,0,,0,,,
seq_s_18363,161001,fst,,,ad,,,,,,xp,0,0,,,,,div,1000,0,0,,,,,,div_com,1000,0,0,,,,,,,,,,,div_region,0,,,,0,,0,,,
seq_s_18363,162001,fst,,,ad,,,,,,xp,0,0,,,,,div,1000,0,0,,,,,,div_com,1000,0,0,,,,,,,,,,,div_region,0,,,,0,,0,,,
seq_s_18363,163001,fst,,,ad,,,,,,xp,0,0,,,,,div,1000,130,0.13,,,,,,div_com,1000,130,0.13,,,,,,,,,,,div_region,130,,,,0,,0,,,
seq_s_18363,164001,fst,,,ad,,,,,,xp,0,0,,,,,div,1000,0,0,,,,,,div_com,1000,0,0,,,,,,,,,,,div_region,0,,,,0,,0,,,
seq_s_18363,165001,fst,,,ad,,,,,,xp,0,0,,,,,div,1000,0,0,,,,,,div_com,1000,0,0,,,,,,,,,,,div_region,0,,,,0,,0,,,
seq_s_18363,166001,fst,,,ad,,,,,,xp,0,0,,,,,div,1000,0,0,,,,,,div_com,1000,0,0,,,,,,,,,,,div_region,0,,,,0,,0,,,
seq_s_18363,167001,fst,2,0.054,ad,2,0.04325,27.5,42.5,-15,xp,2,0,0,-1.27239,-0.665338,-0.968864,div,1000,208,0.208,,2,0.00172595685564632,0.00335186049471731,1.35017787232334,div_com,1000,208,0.208,,2,0.00175741604003248,0.00320692661619582,1.20239677328087,,2,0.00302357867805475,0.00464919695688926,1.45890647855123,div_region,208,0.00172595685564632,,,0,,0,,,
seq_s_18363,168001,fst,,,ad,,,,,,xp,0,0,,,,,div,1000,1,0.001,,,,,,div_com,1000,1,0.001,,,,,,,,,,,div_region,1,,,,0,,0,,,
seq_s_18363,169001,fst,16,0.0821,ad,,,,,,xp,16,0,0,-1.76443,0.236624,-0.53954494375,div,1000,448,0.448,,16,0.00641069689240063,0.0098749441861684,1.44039584633064,div_com,1000,448,0.448,,16,0.00652754529154922,0.00972388660884546,1.32069992293939,,11,0.00772092412431839,0.0104248430141287,1.38030526054565,div_region,448,0.00601002833662559,,,0,,0,,,
seq_s_18363,170001,fst,,,ad,,,,,,xp,0,0,,,,,div,1000,2,0.002,,,,,,div_com,1000,2,0.002,,,,,,,,,,,div_region,2,,,,0,,0,,,
seq_s_18363,171001,fst,,,ad,,,,,,xp,0,0,,,,,div,1000,5,0.005,,,,,,div_com,1000,5,0.005,,,,,,,,,,,div_region,5,,,,0,,0,,,
seq_s_18363,172001,fst,3,0.0534,ad,,,,,,xp,3,0,0,-0.805247,-0.449607,-0.590311333333333,div,1000,108,0.108,,3,0.00498609758297826,0.00219352005066281,-0.940046470541059,div_com,1000,108,0.108,,2,0.00338465311413663,0.00179553361014474,-0.684452622986058,,3,0.00873478284771373,0.006003256003256,-0.957318646845178,div_region,108,0.00166203252765942,,,0,,0,,,
seq_s_18363,173001,fst,14,0.134,ad,1,0,22,14,8,xp,14,0,0,-1.07771,0.845769,-0.0159317142857143,div,1000,477,0.477,,14,0.00526832952163741,0.00722555439536589,0.966306585777349,div_com,1000,477,0.477,,14,0.005364355879009,0.00701815554562713,0.811681761468051,,10,0.00659228894167074,0.00771764922708319,0.664684814780644,div_region,477,0.00451571101854635,,,0,,0,,,
seq_s_18363,174001,fst,,,ad,,,,,,xp,0,0,,,,,div,1000,34,0.034,,,,,,div_com,1000,34,0.034,,,,,,,,,,,div_region,34,,,,0,,0,,,
seq_s_18363,175001,fst,31,0.212,ad,,,,,,xp,31,0,0,-0.33069,1.24183,0.538890287096774,div,1000,750,0.75,,31,0.00741931320347166,0.0121196298339156,1.85348841094107,div_com,1000,750,0.75,,31,0.00755454575075296,0.0115340590281677,1.5571353515064,,24,0.0100624698405662,0.0128205128205128,1.16060577345781,div_region,750,0.00670131515152279,,,0,,0,,,
seq_s_18363,176001,fst,28,0.0884,ad,8,0.0351375,52.75,41.75,11,xp,28,0,0,0.0128467,1.86748,0.873420632142857,div,1000,999,0.999,,28,0.00503101738102311,0.00805751513602232,1.73975593592408,div_com,1000,999,0.999,,28,0.00512271822680139,0.0080604676048511,1.67603445549348,,16,0.00503627119147458,0.0072050072050072,1.7667041716843,div_region,999,0.00431230061230553,,,0,,0,,,
seq_s_18363,177001,fst,22,0.0705,ad,,,,,,xp,22,0,0,-0.125496,1.32391,0.6053271,div,1000,787,0.787,,22,0.00501777545834662,0.00756443241467755,1.42266610073208,div_com,1000,787,0.787,,22,0.00510923494230536,0.00760848811706673,1.38639559342687,,14,0.00559381264961591,0.00663250345588338,0.752002367728267,div_region,787,0.00456161405304238,,,0,,0,,,
seq_s_18363,178001,fst,16,0.0347,ad,1,0,16,14,2,xp,16,0,0,-0.619236,0.357362,0.06121230625,div,1000,805,0.805,,16,0.00356769218359687,0.00408631473405204,0.38747370630026,div_com,1000,805,0.805,,16,0.00363272085790565,0.00407145610387327,0.325740227372152,,10,0.00390623829214527,0.00424544399699679,0.338115298572095,div_region,805,0.00267576913769765,,,0,,0,,,
seq_s_18363,179001,fst,38,0.1078,ad,,,,,,xp,38,3,0.0789473684210526,-2.07306,0.150865,-1.015687,div,1000,1000,1,,38,0.00682098149351427,0.00940568119139546,1.13163508543023,div_com,1000,1000,1,,38,0.00694530819020837,0.00893738076534654,0.865120242374019,,30,0.00943356547553083,0.0124395604395604,1.3672308610022,div_region,1000,0.00556448490260374,,,0,,0,,,
seq_s_18363,180001,fst,34,0.1342,ad,1,0.0522,39,64,-25,xp,34,0,0,-1.09339,-0.155083,-0.534826205882353,div,1000,1000,1,,34,0.0061029834415654,0.00848244162529876,1.15182824867756,div_com,1000,1000,1,,33,0.00603145184939148,0.00836370777690538,1.15054004403635,,22,0.00691794801538927,0.00792307692307692,0.611607043480093,div_region,1000,0.00430798831169322,,,0,,0,,,
seq_s_18363,181001,fst,17,0.1128,ad,,,,,,xp,17,0,0,-0.474329,0.429352,-0.0795322823529411,div,1000,961,0.961,,17,0.00317532957417554,0.00442185480092362,1.05736249909123,div_com,1000,961,0.961,,16,0.00304301799231431,0.0043372599732048,1.14712794650501,,12,0.00392656211260388,0.0045396850807881,0.621863627313466,div_region,961,0.00280176138897842,,,0,,0,,,
seq_s_18363,182001,fst,21,0.1598,ad,10,0.07978,41.1,27,14.1,xp,21,0,0,-1.67322,0.492439,-0.222343652380952,div,1000,999,0.999,,21,0.00377326303576734,0.00409942945335502,0.240693417191398,div_com,1000,999,0.999,,21,0.00384203867010104,0.00391290179192774,0.0519320941192917,,12,0.00377720339360594,0.00475200475200475,1.02779333365813,div_region,999,0.00269518788269095,,,0,,0,,,
seq_s_18363,183001,fst,2,0.0107,ad,,,,,,xp,2,0,0,-1.14219,-0.778673,-0.9604315,div,1000,181,0.181,,2,0.00198342003300793,0.0013763904845199,-0.438653152439235,div_com,1000,181,0.181,,2,0.00201957202390473,0.00137517042379177,-0.46515561061158,,1,0.00173730487578837,0.00145710642948212,-0.341438343255475,div_region,181,0.00198342003300793,,,0,,0,,,
seq_s_18363,184001,fst,7,0.0224,ad,,,,,,xp,7,0,0,-1.18898,0.0714774,-0.469110985714286,div,1000,561,0.561,,7,0.00223974436882446,0.00227789723588044,0.0376864883502586,div_com,1000,561,0.561,,7,0.0022805684084557,0.00229042556106934,0.00969774504619272,,7,0.00392364577116553,0.0022134728017081,-1.60831863688216,div_region,561,0.00223974436882446,,,0,,0,,,
seq_s_18363,185001,fst,5,0.0561,ad,2,0.04995,5.5,14,-8.5,xp,5,0,0,-0.845178,0.0999577,-0.2645689,div,1000,290,0.29,,5,0.00309481918943479,0.0026301107581895,-0.30061062894295,div_com,1000,290,0.29,,5,0.00315122876143755,0.00251219918040078,-0.412098479869115,,3,0.00325295361225201,0.00367563471011747,0.397775577109983,div_region,290,0.00309481918943479,,,0,,0,,,
seq_s_18363,186001,fst,,,ad,,,,,,xp,0,0,,,,,div,1000,168,0.168,,,,,,div_com,1000,168,0.168,,,,,,,,,,,div_region,168,,,,0,,0,,,
seq_s_18363,187001,fst,,,ad,,,,,,xp,0,0,,,,,div,1000,0,0,,,,,,div_com,1000,0,0,,,,,,,,,,,div_region,0,,,,0,,0,,,
seq_s_18363,188001,fst,14,0.0242,ad,,,,,,xp,14,0,0,-0.541151,0.547707,0.0960536285714286,div,1000,439,0.439,,14,0.00572435804515045,0.00676063074370921,0.470862832359679,div_com,1000,439,0.439,,14,0.00582869647901434,0.00671152262732825,0.398771596104974,,9,0.00644662788760649,0.00740944704498235,0.573161240443674,div_region,439,0.00408882717510746,,,0,,0,,,
seq_s_18363,189001,fst,3,-0.0019,ad,,,,,,xp,3,0,0,-0.513714,-0.362452,-0.444110333333333,div,1000,219,0.219,,3,0.00245889743818106,0.00385890503307371,0.955641133254567,div_com,1000,219,0.219,,3,0.00250371600223806,0.00386675131910768,0.928667150075165,,2,0.00287170942938534,0.00406442872196297,1.12701034610286,div_region,219,0.00163926495878737,,,0,,0,,,
seq_s_18363,190001,fst,18,0.0779,ad,2,0.05935,90.5,85.5,5,xp,18,0,0,-1.08873,1.12205,0.146098694444444,div,1000,795,0.795,,18,0.00406413991669172,0.00622247199066576,1.44401593559591,div_com,1000,795,0.795,,18,0.00413821739237837,0.00614349164942724,1.33283861851665,,14,0.00553752271100342,0.0064690026954178,0.681237966580492,div_region,795,0.00406413991669172,,,0,,0,,,
seq_s_18363,191001,fst,33,0.1247,ad,,,,,,xp,34,0,0,-0.464074,0.251525,-0.0524712588235294,div,1000,999,0.999,,33,0.0059294133419201,0.0102360128100154,2.13915688071235,div_com,1000,999,0.999,,33,0.00603748933873021,0.0101273981870996,2.01560139568906,,26,0.0081839406861462,0.00944900944900945,0.657854983028618,div_region,999,0.00521069657320251,,,0,,0,,,
seq_s_18363,192001,fst,13,0.1109,ad,,,,,,xp,13,0,0,-1.58143,-0.0996985,-0.987978576923077,div,1000,515,0.515,,13,0.0045310556676385,0.00768362973633528,1.7836944965771,div_com,1000,515,0.515,,13,0.00461364366237654,0.00723552105884201,1.47496606206049,,12,0.00732704114604336,0.0107116184786088,1.83965274634746,div_region,515,0.004182512923974,,,0,,0,,,
seq_s_18363,193001,fst,13,0.0276,ad,2,0.00545,67.5,74.5,-7,xp,13,0,0,-0.94307,0.505188,-0.0873621846153846,div,1000,372,0.372,,13,0.00627283244310169,0.00583252772192899,-0.179946840787734,div_com,1000,372,0.372,,13,0.00638716797345139,0.00579325057950583,-0.241341164294124,,9,0.00760771409317002,0.00632163535389342,-0.648751043504238,div_region,372,0.00482525572546284,,,0,,0,,,
seq_s_18363,194001,fst,2,0.0547,ad,2,0.01515,5,3.5,1.5,xp,2,0,0,-0.555281,-0.186,-0.3706405,div,1000,136,0.136,,2,0.00263969872040026,0.00149248888744689,-0.622894673660159,div_com,1000,136,0.136,,2,0.0026878127671085,0.00153230970314282,-0.626719327891547,,1,0.0023121484008654,0.00105042016806723,-1.15524134158067,div_region,136,0.00263969872040026,,,0,,0,,,
seq_s_18363,195001,fst,,,ad,,,,,,xp,0,0,,,,,div,1000,36,0.036,,,,,,div_com,1000,36,0.036,,,,,,,,,,,div_region,36,,,,0,,0,,,
seq_s_18363,196001,fst,,,ad,,,,,,xp,0,0,,,,,div,1000,0,0,,,,,,div_com,1000,0,0,,,,,,,,,,,div_region,0,,,,0,,0,,,
seq_s_18363,197001,fst,16,0.0212,ad,8,0.0035125,43.25,39.875,3.375,xp,16,0,0,-0.957536,0.273687,-0.26596300625,div,1000,467,0.467,,16,0.00614987624795606,0.0103869547124368,1.83644678013053,div_com,1000,467,0.467,,16,0.00626197064371317,0.0102844281915116,1.73253229874983,,15,0.0101001771686626,0.0117184742452408,0.653359439657726,div_region,467,0.00614987624795606,,,0,,0,,,
seq_s_18363,198001,fst,81,0.0615,ad,,,,,,xp,81,0,0,-1.14102,1.08742,0.0856110950617284,div,1000,506,0.506,,81,0.0287341117627759,0.0200929533227668,-0.945901509958489,div_com,1000,506,0.506,,81,0.0292578512277345,0.0203113086237514,-0.970451197524456,,37,0.0229935390378551,0.016983016983017,-1.13314037468648,div_region,506,0.0212845272316859,,,0,,0,,,
seq_s_18363,199001,fst,97,0.0284,ad,13,0.000584615384615385,21.0769230769231,19.5384615384615,1.53846153846154,xp,97,0,0,-0.847918,0.851534,0.217750239896907,div,1000,694,0.694,,97,0.0250885486451875,0.0181757803206959,-0.873647838600503,div_com,1000,694,0.694,,97,0.0255458400747085,0.0181920671177697,-0.920806718943758,,50,0.0226550563773555,0.0182886277987143,-0.845287588403876,div_region,694,0.0201742968487074,,,0,,0,,,
seq_s_18363,200001,fst,47,0.0278,ad,,,,,,xp,47,0,0,-0.997613,0.526634,-0.332343667446809,div,1000,723,0.723,,47,0.0116687096962645,0.00947462832465798,-0.571784797648786,div_com,1000,723,0.723,,46,0.0116286007406852,0.00932612698526547,-0.60691063860809,,24,0.0104382467225791,0.0111106044716003,0.27274773037996,div_region,723,0.00943427592463937,,,0,,0,,,
seq_s_18363,201001,fst,44,0.0249,ad,,,,,,xp,44,0,0,-1.16703,0.468549,-0.414405011363636,div,1000,699,0.699,,44,0.0112989679133585,0.0104744755265915,-0.220728639024878,div_com,1000,699,0.699,,42,0.0109819646106751,0.0102400322117189,-0.205565212329011,,29,0.0130459417639673,0.0130484679840903,0.000829324044889719,div_region,699,0.00975819956153686,,,0,,0,,,
seq_s_18363,202001,fst,24,0.0402,ad,,,,,,xp,24,0,0,-0.866811,0.982936,0.0301085124999999,div,1000,391,0.391,,24,0.0110178729199315,0.0103096467729283,-0.182343866932198,div_com,1000,391,0.391,,24,0.0112186967670616,0.0101727770584994,-0.26734867569381,,18,0.0144760595532442,0.0115792136252494,-0.829506205502475,div_region,391,0.00872248272827911,,,0,,0,,,
seq_s_18363,203001,fst,17,0.0057,ad,12,0.001375,3.16666666666667,3.5,-0.333333333333333,xp,17,0,0,0.026577,0.764813,0.433821505882353,div,1000,245,0.245,,17,0.0124550682480926,0.00774639695922555,-1.01827223385938,div_com,1000,245,0.245,,17,0.0126820879950099,0.00777713397108336,-1.05393060295129,,9,0.0115513046639153,0.00789414666965688,-1.21500307752888,div_region,245,0.0109897661012582,,,0,,0,,,
seq_s_18363,204001,fst,96,0.0256,ad,31,0.00403870967741935,17.7096774193548,16.1935483870968,1.51612903225806,xp,96,0,0,-1.38138,0.91931,-0.325386053125,div,1000,996,0.996,,96,0.017301157878286,0.011480930155629,-1.06620176209906,div_com,1000,996,0.996,,92,0.0168824866175008,0.0112900260000839,-1.0573026061418,,66,0.0208371928174376,0.0136259323006311,-1.53031501354461,div_region,996,0.0136967499869764,,,0,,0,,,
seq_s_18363,205001,fst,116,0.0199,ad,32,0.013765625,24.3125,25.0625,-0.75,xp,116,0,0,-1.06138,1.20997,0.2924275575,div,1000,992,0.992,,116,0.0209898624057633,0.0161705484286128,-0.732944551035136,div_com,1000,992,0.992,,115,0.0211882014503916,0.0162412531086985,-0.751568377248673,,53,0.0168003686224171,0.0159739454094293,-0.216149523178444,div_region,992,0.0186375502396002,,,0,,0,,,
seq_s_18363,206001,fst,110,0.0226,ad,,,,,,xp,110,0,0,-0.980546,0.325252,-0.252622305818182,div,1000,998,0.998,,110,0.019784515459513,0.0146239343920416,-0.831088405598999,div_com,1000,998,0.998,,107,0.0195957171277369,0.0144581610758267,-0.841801611865541,,64,0.0201652702215756,0.0166707040454535,-0.765679984599076,div_region,998,0.0163671900619607,,,0,,0,,,
seq_s_18363,207001,fst,18,0.0164,ad,,,,,,xp,18,0,0,-0.675726,0.0562434,-0.441298766666667,div,1000,368,0.368,,18,0.00877986748307042,0.00741649480003445,-0.422229914616131,div_com,1000,368,0.368,,18,0.00893989898625219,0.00719982142247282,-0.535368835302128,,16,0.0136718340225084,0.0098841376015289,-1.13661828210134,div_region,368,0.00780432665161815,,,0,,0,,,
seq_s_18363,208001,fst,,,ad,,,,,,xp,0,0,,,,,div,1000,0,0,,,,,,div_com,1000,0,0,,,,,,,,,,,div_region,0,,,,0,,0,,,
seq_s_18363,209001,fst,45,0.0305,ad,,,,,,xp,45,0,0,-0.0897032,0.73562,0.334851859555556,div,1000,406,0.406,,45,0.019895266217795,0.0177358921201284,-0.328915335045435,div_com,1000,406,0.406,,45,0.02025789918067,0.0173837284189078,-0.434136828000284,,32,0.024784408474301,0.0214366913874303,-0.581512418638838,div_region,406,0.0172425640554224,,,0,,0,,,
seq_s_18363,210001,fst,125,0.0313,ad,11,0.00266363636363636,13.5454545454545,13.5454545454545,0,xp,125,0,0,-1.23772,0.877074,0.12202378024,div,1000,881,0.881,,125,0.0254681488347357,0.0181697368335924,-0.917097662075169,div_com,1000,881,0.881,,121,0.0251025237772631,0.0180022115532445,-0.912063720888433,,62,0.0221294384972725,0.0200072345361789,-0.423352369669041,div_region,881,0.0226157161652453,,,0,,0,,,
seq_s_18363,211001,fst,158,0.0315,ad,9,0.00111111111111111,12.7777777777778,11.7777777777778,1,xp,158,0,0,-1.06684,1.14806,0.096080272278481,div,1000,976,0.976,,158,0.0290583227991602,0.0194940570379679,-1.0605348739628,div_com,1000,976,0.976,,155,0.0290261747595529,0.0195000975033618,-1.06592851254627,,80,0.0257747690588274,0.0196135831381733,-1.06182605210858,div_region,976,0.0240926600423417,,,0,,0,,,
seq_s_18363,212001,fst,92,0.0404,ad,16,0.02745,19.4375,22.125,-2.6875,xp,92,6,0.0652173913043478,-2.19623,0.555189,-1.09732594565217,div,1000,881,0.881,,92,0.0187445575423655,0.0141651531306142,-0.772909087211388,div_com,1000,881,0.881,,91,0.0188787575514954,0.013762403365555,-0.864607307910383,,56,0.0199878799330203,0.0180239737560963,-0.432479901097559,div_region,881,0.0162996152542309,,,0,,0,,,
seq_s_18363,213001,fst,33,0.0243,ad,8,0.00265,31.875,31.75,0.125,xp,33,0,0,-0.532126,0.465106,-0.0010489493939394,div,1000,453,0.453,,33,0.013076123462645,0.0135867723379546,0.115017320795418,div_com,1000,453,0.453,,33,0.0133144632436898,0.0135214977247407,0.046266475533536,,18,0.0124947887093124,0.0145549814423987,0.683476422424448,div_region,453,0.0114911388005062,,,0,,0,,,
seq_s_18363,214001,fst,85,0.0327,ad,3,0.0225,29.6666666666667,23.3333333333333,6.33333333333334,xp,87,0,0,-0.686394,1.05011,0.308341394597701,div,1000,616,0.616,,85,0.0247686016297297,0.0235537352884315,-0.154628024249846,div_com,1000,616,0.616,,85,0.0252200613537129,0.0237897272741849,-0.18039387131753,,41,0.0209294472130284,0.0213714856571999,0.0919531713903206,div_region,616,0.0212718578702384,,,0,,0,,,
seq_s_18363,215001,fst,8,0.047,ad,,,,,,xp,8,0,0,-0.0872703,0.920921,0.3673747125,div,1000,326,0.326,,8,0.0044048960242262,0.00224858638530844,-1.12250572394115,div_com,1000,326,0.326,,8,0.00448518449480683,0.00226334997827867,-1.15156381388416,,3,0.00289373174096038,0.00205622598260635,-0.885997898215957,div_region,326,0.00330367201816965,,,0,,0,,,
seq_s_18363,216001,fst,9,0.0116,ad,,,,,,xp,9,0,0,-0.221996,0.626758,0.282873333333333,div,1000,102,0.102,,9,0.0158381923224015,0.0165850123833332,0.111389299502734,div_com,1000,102,0.102,,9,0.016126876602651,0.0166097860982563,0.0716883542619522,,5,0.015414322672436,0.0171299288946348,0.385345580764739,div_region,102,0.010558794881601,,,0,,0,,,
seq_s_18363,217001,fst,126,0.0338,ad,,,,,,xp,126,0,0,-1.26378,1.5599,0.121268816349206,div,1000,870,0.87,,126,0.0259964811912522,0.0203574440027643,-0.694363201079592,div_com,1000,870,0.87,,126,0.0264703215960755,0.0203755657801218,-0.743407033770659,,66,0.0238549931565147,0.0202728306176582,-0.664010360595347,div_region,870,0.0212510917674522,,,0,,0,,,
seq_s_18363,218001,fst,146,0.0467,ad,5,0.0187,2.6,4.2,-1.6,xp,146,0,0,-0.445719,1.13918,0.356745103082192,div,1000,852,0.852,,146,0.0307593062161194,0.0173202449359389,-1.40478743060009,div_com,1000,852,0.852,,144,0.0308909185628245,0.0173128322171835,-1.42479954952371,,58,0.0214063692324252,0.0170381261930558,-0.899142592394604,div_region,852,0.0238068602905582,,,0,,0,,,
seq_s_18363,219001,fst,114,0.0655,ad,,,,,,xp,114,0,0,-0.112502,1.58443,0.799068467543859,div,1000,997,0.997,,114,0.0205245180346467,0.0124242925503853,-1.25908509326287,div_com,1000,997,0.997,,114,0.0208986204319209,0.0125949614076209,-1.2786346761138,,34,0.010723544840122,0.0100631565024745,-0.265916732847556,div_region,997,0.017463844292638,,,0,,0,,,
seq_s_18363,220001,fst,43,0.0538,ad,,,,,,xp,43,0,0,-1.45184,0.438322,-0.152684215348837,div,1000,794,0.794,,43,0.00972100637084427,0.00668960483642023,-0.941486273558361,div_com,1000,794,0.794,,43,0.00989819210456582,0.0065984164139812,-1.0163493309748,,22,0.00871278087580513,0.00734907409970382,-0.658858594675737,div_region,794,0.00836458687723809,,,0,,0,,,
seq_s_18363,221001,fst,20,0.0787,ad,1,0.026,32,50,-18,xp,20,0,0,-0.815331,0.694927,-0.023749615,div,1000,525,0.525,,20,0.00683807668522733,0.011408784878173,1.84775274707546,div_com,1000,525,0.525,,20,0.0069627149776525,0.0112391853835007,1.71706152241696,,15,0.00898434807193412,0.0120774463631606,1.40388025021981,div_region,525,0.00547046134818187,,,0,,0,,,
seq_s_18363,222001,fst,14,0.0505,ad,,,,,,xp,14,0,0,-0.5845,0.400607,0.1166155,div,1000,790,0.79,,14,0.00318100402762158,0.00504478904117242,1.52397815074377,div_com,1000,790,0.79,,14,0.00323898449909784,0.00507678605165845,1.4938610838862,,9,0.00358236663627753,0.00459034636249826,1.07980779720256,div_region,790,0.00249936030741695,,,0,,0,,,
seq_s_18363,223001,fst,22,0.1194,ad,4,0.0696,7,17.5,-10.5,xp,22,0,0,-1.90165,0.399636,-0.456466655,div,1000,997,0.997,,22,0.00396087190142305,0.00723083019973663,2.31416955350147,div_com,1000,997,0.997,,21,0.00384974586903806,0.00703772185144835,2.33163338735092,,20,0.00630796755301292,0.00782567482667784,1.00575814909021,div_region,997,0.00378083226954019,,,0,,0,,,
seq_s_18363,224001,fst,12,0.07,ad,,,,,,xp,12,2,0.166666666666667,-0.980762,2.11614,0.626928,div,1000,750,0.75,,12,0.00287199220779548,0.00269436783722514,-0.155975300027919,div_com,1000,750,0.75,,12,0.00292434029061405,0.00273504657165318,-0.165309609752138,,4,0.00167707830676104,0.00212454212454212,0.87891364621251,div_region,750,0.00287199220779548,,,0,,0,,,
seq_s_18363,225001,fst,20,0.0271,ad,,,,,,xp,20,3,0.15,-0.302091,2.18981,0.99913395,div,1000,267,0.267,,20,0.0134456564035369,0.0155386985242518,0.430318767356191,div_com,1000,267,0.267,,20,0.0136907316976313,0.015766399059867,0.423847962493329,,12,0.0141326823603458,0.0135407663497551,-0.166799802156165,div_region,267,0.0114288079430064,,,0,,0,,,
seq_s_18363,226001,fst,14,0.0461,ad,2,0.01485,49.5,57,-7.5,xp,14,0,0,-1.1676,0.124199,-0.518169485714286,div,1000,362,0.362,,14,0.00694197011552775,0.00645430637537957,-0.182719488021734,div_com,1000,362,0.362,,11,0.00555382306573801,0.00626731750626634,0.322084696477393,,9,0.00781787194104765,0.00816586728188939,0.170824268899852,div_region,362,0.00396684006601586,,,0,,0,,,
seq_s_18363,227001,fst,24,0.1294,ad,1,0.1914,10,42,-32,xp,25,0,0,-0.927252,0.665627,0.0666360276,div,1000,964,0.964,,24,0.00446886754325023,0.00455990964289721,0.0577912044223586,div_com,1000,964,0.964,,24,0.00455032202896377,0.00445693722756768,-0.058851314350931,,10,0.00326195210080596,0.00466235009803475,1.67160748975701,div_region,964,0.00335165065743767,,,0,,0,,,
seq_s_18363,228001,fst,23,0.0452,ad,,,,,,xp,23,0,0,-1.95863,0.610704,-0.501217039130435,div,1000,886,0.886,,23,0.00465969390373138,0.00592638983480671,0.76672994854638,div_com,1000,886,0.886,,23,0.00474462660017799,0.00573757597389552,0.596758018150277,,20,0.00709824339769062,0.00767742415597946,0.341081554267002,div_region,886,0.00384931235525636,,,0,,0,,,
seq_s_18363,229001,fst,25,0.0267,ad,8,0.009425,16,19.375,-3.375,xp,25,0,0,-1.18275,0.806021,-0.211693976,div,1000,726,0.726,,25,0.0061811127061714,0.0069185815939061,0.340259178469999,div_com,1000,726,0.726,,25,0.00629377645190696,0.00690421007495861,0.279593377802651,,21,0.0090957242877019,0.00718977991705264,-0.879126487646561,div_region,726,0.00543937918143083,,,0,,0,,,
seq_s_18363,230001,fst,21,0.0298,ad,,,,,,xp,21,0,0,-0.834485,0.430282,-0.333247914285714,div,1000,464,0.464,,21,0.00812390037226631,0.0104715464937142,0.804655704439221,div_com,1000,464,0.464,,21,0.00827197549877358,0.0102684496882973,0.679566163872309,,19,0.0128762747151642,0.0126231527093596,-0.0818460792884318,div_region,464,0.00657649077754892,,,0,,0,,,
seq_s_18363,231001,fst,57,0.0808,ad,,,,,,xp,57,0,0,-1.58724,1.22183,-0.119429051578947,div,1000,936,0.936,,57,0.01093106008576,0.015557256628685,1.30489466309257,div_com,1000,936,0.936,,57,0.0111303015868724,0.0153332527645174,1.17522462164189,,43,0.0144459870173727,0.0163308913308913,0.569145723117935,div_region,936,0.00843801129427091,,,0,,0,,,
seq_s_18363,232001,fst,26,0.0473,ad,1,0,26,28,-2,xp,26,0,0,-0.353364,1.04826,0.324807106923077,div,1000,666,0.666,,26,0.00700748849499648,0.0112244069773029,1.72474728595894,div_com,1000,666,0.666,,25,0.00686078333946615,0.0113631193756885,1.89175089633763,,15,0.00708225636301113,0.00961950961950962,1.46088183076883,div_region,666,0.00673796970672738,,,0,,0,,,
seq_s_18363,233001,fst,12,0.2003,ad,,,,,,xp,12,0,0,-0.718562,0.409229,-0.0450910583333333,div,1000,343,0.343,,12,0.00627986634357612,0.00708493940480596,0.323311706009827,div_com,1000,343,0.343,,12,0.0063943300815176,0.00658144207392015,0.0747302399715877,,8,0.00733416169137479,0.00906673501425688,0.890808813555259,div_region,343,0.00575654414827811,,,0,,0,,,
seq_s_18363,234001,fst,17,0.1289,ad,,,,,,xp,17,0,0,-1.2274,0.699701,-0.205142058823529,div,1000,813,0.813,,17,0.00375337235028622,0.00393088321396183,0.127384012995061,div_com,1000,813,0.813,,17,0.00382178543515059,0.00378238099517091,-0.0280961423916808,,9,0.00348102047067558,0.00456861711474258,1.19901875173407,div_region,813,0.00264943930608439,,,0,,0,,,
seq_s_18363,235001,fst,12,0.0498,ad,1,0.0158,16,28,-12,xp,12,1,0.0833333333333333,-2.09078,1.37735,0.2769435,div,1000,718,0.718,,12,0.0029999918605106,0.00471563314778602,1.44225797027462,div_com,1000,718,0.718,,12,0.00305467300551607,0.00468264162255729,1.36104068127833,,9,0.00394160117362012,0.00491291438366647,0.945695473354622,div_region,718,0.00224999389538295,,,0,,0,,,
seq_s_18363,236001,fst,21,0.1278,ad,,,,,,xp,21,0,0,0.0632826,1.19399,0.600817028571428,div,1000,997,0.997,,21,0.00378083226954019,0.00469020593680262,0.669725774907169,div_com,1000,997,0.997,,21,0.00384974586903806,0.0045535551779344,0.514754594139192,,15,0.00473097566475969,0.00509219967595093,0.31134995636361,div_region,997,0.00288063411012586,,,0,,0,,,
seq_s_18363,237001,fst,23,0.1449,ad,10,0.05036,40.1,30.4,9.7,xp,23,0,0,-0.505983,1.70637,0.8566351,div,1000,944,0.944,,23,0.00437339915117161,0.00741875999139936,1.96402532290292,div_com,1000,944,0.944,,22,0.00425949989363805,0.00738482146423505,2.079547708121,,20,0.0066621225109681,0.00613475507543304,-0.330899178960851,div_region,944,0.00399310357280886,,,0,,0,,,
seq_s_18363,238001,fst,18,0.1156,ad,,,,,,xp,18,0,0,-1.09079,0.807351,-0.0519710311111111,div,1000,786,0.786,,18,0.00411067586993628,0.00443760476475877,0.21625315141252,div_com,1000,786,0.786,,17,0.0039530681409382,0.00433749292908686,0.264999417768356,,12,0.00480079667965945,0.0046696306238291,-0.108809844106923,div_region,786,0.00388230498827315,,,0,,0,,,
seq_s_18363,239001,fst,17,0.0901,ad,,,,,,xp,17,0,0,-1.4168,0.22331,-0.6447638,div,1000,634,0.634,,17,0.00481307842394747,0.00717855562380166,1.32375455649147,div_com,1000,634,0.634,,17,0.00490080687504326,0.00698300438227742,1.15776967505886,,13,0.00644775768569405,0.00826775747911394,1.13426032664798,div_region,634,0.00396371164325086,,,0,,0,,,
seq_s_18363,240001,fst,24,0.1783,ad,,,,,,xp,28,0,0,-0.731804,0.128159,-0.354397705357143,div,1000,999,0.999,,24,0.00431230061230553,0.00560442774085014,0.849988753910539,div_com,1000,999,0.999,,24,0.00439090133725833,0.00531279792866605,0.60207505030002,,16,0.00503627119147458,0.00656700656700657,1.24697360896959,div_region,999,0.00413262142012613,,,0,,0,,,
seq_s_18363,241001,fst,24,0.1434,ad,,,,,,xp,25,0,0,-0.88651,0.530192,-0.11369578,div,1000,994,0.994,,24,0.00433399226528493,0.00548520022506791,0.753498886569901,div_com,1000,994,0.994,,24,0.00441298836611778,0.00537869795362914,0.627531976544189,,14,0.00442890397912245,0.00528445397660689,0.782329968220176,div_region,994,0.00343107721001724,,,0,,0,,,
seq_s_18363,242001,fst,21,0.0843,ad,,,,,,xp,21,1,0.0476190476190476,-2.04974,0.259028,-1.01922780952381,div,1000,707,0.707,,21,0.00533166870259062,0.00392562698079014,-0.734306043411198,div_com,1000,707,0.707,,18,0.00465329961377766,0.00370106587586132,-0.562859031363474,,12,0.00533723647837671,0.00568879493914854,0.262325887408194,div_region,707,0.00431611275924003,,,0,,0,,,
seq_s_18363,243001,fst,15,0.0506,ad,,,,,,xp,15,1,0.0666666666666667,-2.03835,-0.366974,-0.879425066666667,div,1000,810,0.81,,15,0.00332406505531884,0.00331692236454148,-0.00566166996819733,div_com,1000,810,0.81,,15,0.00338465311413663,0.00324290549480365,-0.111673114929092,,11,0.00427033828110449,0.00394790394790395,-0.297597835400857,div_region,810,0.00332406505531884,,,0,,0,,,
seq_s_18363,244001,fst,7,0.0666,ad,4,0.069025,1.75,7,-5.25,xp,7,0,0,-1.08791,-0.150847,-0.624618857142857,div,1000,873,0.873,,7,0.00143928590024115,0.00102374623729556,-0.638737417268193,div_com,1000,873,0.873,,7,0.00146551990509009,0.000955226965706227,-0.781250347439245,,5,0.00180098615416778,0.00162380574751709,-0.340614032673442,div_region,873,0.00102806135731511,,,0,,0,,,
seq_s_18363,245001,fst,16,0.1132,ad,,,,,,xp,16,0,0,-0.666758,1.47627,0.6000220625,div,1000,418,0.418,,16,0.00687079475549158,0.00778270703082771,0.353772689744897,div_com,1000,418,0.418,,16,0.0069960294033829,0.00803050259369824,0.398812269926283,,5,0.00376138974303462,0.00431147799568852,0.506338849671104,div_region,418,0.00687079475549158,,,0,,0,,,
seq_s_18363,246001,fst,8,0.0218,ad,,,,,,xp,8,0,0,-0.728107,0.215412,-0.0940012125,div,1000,259,0.259,,8,0.00554438650153568,0.00440476722881556,-0.471323820372505,div_com,1000,259,0.259,,8,0.005645444576475,0.00444593879674103,-0.493924773097172,,5,0.00607050545400954,0.00411557554414698,-1.11497095367417,div_region,259,0.00415828987615176,,,0,,0,,,
seq_s_18363,247001,fst,22,0.0392,ad,4,0.006525,7.5,7,0.5,xp,22,0,0,-1.16329,0.148873,-0.46249385,div,1000,901,0.901,,22,0.00438289598858911,0.00319383235191087,-0.760479816107338,div_com,1000,901,0.901,,22,0.00446278346236883,0.00310905313377052,-0.859724165656695,,17,0.00593306004750367,0.00401263553316828,-1.33519325930438,div_region,901,0.00298833817403803,,,0,,0,,,
seq_s_18363,248001,fst,30,0.0783,ad,9,0.0446888888888889,28.2222222222222,30.7777777777778,-2.55555555555556,xp,30,0,0,-1.49316,1.03961,0.0665383066666665,div,1000,1000,1,,30,0.00538498538961653,0.00418578782864496,-0.649168706779917,div_com,1000,1000,1,,30,0.00548313804490135,0.00418404219503997,-0.697861188258103,,15,0.00471678273776541,0.00385714285714286,-0.743179283793247,div_region,1000,0.00448748782468044,,,0,,0,,,
seq_s_18363,249001,fst,30,0.0951,ad,,,,,,xp,30,0,0,-0.894171,0.732518,-0.01701147,div,1000,999,0.999,,30,0.00539037576538191,0.00303539428378578,-1.27356121486619,div_com,1000,999,0.999,,30,0.00548862667157292,0.00282619057167371,-1.42880358652108,,16,0.00503627119147458,0.00465300465300465,-0.312218079174551,div_region,999,0.00413262142012613,,,0,,0,,,
seq_s_18363,250001,fst,5,0.0619,ad,,,,,,xp,5,0,0,-1.02695,-0.395064,-0.8256284,div,1000,171,0.171,,5,0.00524852377155607,0.00616083322850262,0.347987840931563,div_com,1000,171,0.171,,5,0.00534418912758416,0.00590242298597966,0.212272794235137,,4,0.00735560660860104,0.00835421888053467,0.447218776914894,div_region,171,0.00524852377155607,,,0,,0,,,
seq_s_18363,251001,fst,24,0.0536,ad,,,,,,xp,24,2,0.0833333333333333,-2.19446,-0.431088,-1.27306658333333,div,1000,585,0.585,,24,0.00736408258409098,0.00657769229197732,-0.302925934524893,div_com,1000,585,0.585,,24,0.00749830843747192,0.00616620003894168,-0.50944624516305,,19,0.0102129768680961,0.0103691180614258,0.0636536565413314,div_region,585,0.00613673548674248,,,0,,0,,,
seq_s_18363,252001,fst,8,0.1113,ad,1,0,0,0,0,xp,8,0,0,-0.587049,0.640255,0.20449275,div,1000,322,0.322,,8,0.00445961522949609,0.00316069016157719,-0.667882109118834,div_com,1000,322,0.322,,8,0.00454090107238207,0.00309792279902495,-0.738710655886014,,2,0.00195311914607264,0.00327622687871135,1.83821634420651,div_region,322,0.00278725951843505,,,0,,0,,,
seq_s_18363,253001,fst,23,0.0369,ad,,,,,,xp,23,0,0,0.0979054,1.70172,1.29093945217391,div,1000,468,0.468,,23,0.00882155726219232,0.00639100639100645,-0.77711787417897,div_com,1000,468,0.468,,23,0.00898234864905491,0.0066159946364181,-0.751212843848115,,7,0.00470334461030739,0.00415610030994647,-0.429335001277149,div_region,468,0.0072873733905067,,,0,,0,,,
seq_s_18363,254001,fst,15,0.0057,ad,,,,,,xp,15,0,0,-0.146152,1.29312,0.504004153333333,div,1000,894,0.894,,15,0.00301173679508754,0.00278192176562271,-0.201054421331258,div_com,1000,894,0.894,,15,0.00306663201616406,0.00282033341392176,-0.214164411285234,,7,0.0024621535543891,0.00255672738894215,0.141735197219019,div_region,894,0.0022086069830642,,,0,,0,,,
seq_s_18363,255001,fst,20,0.045,ad,,,,,,xp,20,0,0,-0.473029,0.669713,0.28203509,div,1000,954,0.954,,20,0.00376309251545529,0.0015880339330475,-1.59779254671324,div_com,1000,954,0.954,,19,0.00364009863218468,0.00155932871698624,-1.58568220249087,,9,0.00296653002375183,0.00184302071094524,-1.45342498659189,div_region,954,0.00263416476081871,,,0,,0,,,
seq_s_18363,256001,fst,5,0.0535,ad,,,,,,xp,5,0,0,0.243506,0.761449,0.4468118,div,1000,268,0.268,,5,0.00334887151095555,0.00209034803917547,-0.752353413999177,div_com,1000,268,0.268,,5,0.00340991171946601,0.00213345236559862,-0.76071825202103,,3,0.00351998711773538,0.00159914712153518,-1.67052613313736,div_region,268,0.00200932290657333,,,0,,0,,,
seq_s_18363,257001,fst,4,0.0104,ad,,,,,,xp,4,0,0,-0.231696,0.560845,0.19545675,div,1000,499,0.499,,4,0.00143887385160094,0.0019973758880144,0.721957901092135,div_com,1000,499,0.499,,4,0.00146510034599902,0.00193699035372964,0.608455911544741,,4,0.00252065877769695,0.00270871413155982,0.245761171242669,div_region,499,0.00143887385160094,,,0,,0,,,
seq_s_18363,258001,fst,18,0.0279,ad,5,0.0035,7.6,2.8,4.8,xp,18,0,0,0.106648,1.12801,0.659792944444444,div,1000,574,0.574,,18,0.00562890458844933,0.00506840837851257,-0.270751683271912,div_com,1000,574,0.574,,18,0.00573150318282371,0.00517017490421158,-0.269380078192036,,11,0.00602608712141923,0.00413523758471493,-1.2367227025351,div_region,574,0.00531618766686881,,,0,,0,,,
seq_s_18363,259001,fst,7,0.0218,ad,1,0.0328,8,21,-13,xp,7,0,0,-0.146602,0.523773,0.329505,div,1000,481,0.481,,7,0.002612259024762,0.0019637567900114,-0.549227386206624,div_com,1000,481,0.481,,7,0.00265987292545457,0.00196001531429665,-0.590352201205965,,3,0.00196124022360308,0.00205615590230975,0.148152956907716,div_region,481,0.000746359721360572,,,0,,0,,,
seq_s_18363,260001,fst,6,0.0753,ad,,,,,,xp,6,0,0,-0.59962,0.340475,0.144957666666667,div,1000,517,0.517,,6,0.00208316649501606,0.00226496579080168,0.184747517469375,div_com,1000,517,0.517,,6,0.00212113657442992,0.00229694592148833,0.178021857970587,,4,0.00243289889762239,0.00178544859395923,-0.876645488931134,div_region,517,0.00208316649501606,,,0,,0,,,
seq_s_18363,261001,fst,7,0.0201,ad,,,,,,xp,7,0,0,0.0788445,0.427727,0.296480214285714,div,1000,355,0.355,,7,0.00353942701664936,0.00307870388353284,-0.287981111100409,div_com,1000,355,0.355,,7,0.00360394049899619,0.00317916928120196,-0.264447737121445,,3,0.00265734238747347,0.00216684723726977,-0.565054529384471,div_region,355,0.00353942701664936,,,0,,0,,,
seq_s_18363,262001,fst,,,ad,,,,,,xp,,,,,,,div,1000,0,0,,,,,,div_com,1000,0,0,,,,,,,,,,,div_region,0,,,,0,,0,,,
seq_s_18363,263001,fst,,,ad,,,,,,xp,,,,,,,div,1000,23,0.023,,,,,,div_com,1000,23,0.023,,,,,,,,,,,div_region,23,,,,0,,0,,,
seq_s_18363,264001,fst,,,ad,,,,,,xp,,,,,,,div,1000,59,0.059,,,,,,div_com,1000,59,0.059,,,,,,,,,,,div_region,59,,,,0,,0,,,
seq_s_18363,265001,fst,,,ad,,,,,,xp,,,,,,,div,1000,0,0,,,,,,div_com,1000,0,0,,,,,,,,,,,div_region,0,,,,0,,0,,,
seq_s_18363,266001,fst,,,ad,,,,,,xp,,,,,,,div,1000,0,0,,,,,,div_com,1000,0,0,,,,,,,,,,,div_region,0,,,,0,,0,,,
seq_s_18363,267001,fst,,,ad,,,,,,xp,,,,,,,div,1000,0,0,,,,,,div_com,1000,0,0,,,,,,,,,,,div_region,0,,,,0,,0,,,
seq_s_18363,268001,fst,,,ad,,,,,,xp,,,,,,,div,771,0,0,,,,,,div_com,771,0,0,,,,,,,,,,,div_region,0,,,,0,,0,,,
